Index,Is Reference,Name,Brightest Detector,ra,dec,t90,Binsize,Distance,Sigma
0,1,GRB120403857,n9,55.34,-89.01,4.288,1.0,0.0,
3,0,GRB180630467,n0,48.96,-87.48,12.032,1.0,3761.0,35.995
2,1,GRB141205018,n8,294.61,-87.58,13.056,1.0,0.0,
6,0,GRB150312403,n3,285.49,-86.0,0.32,0.1,211693.0,625.227
17,0,GRB170130697,n3,296.39,-80.45,29.184,1.0,2762.0,17.587
23,0,GRB220415645,n2,298.38,-79.82,23.04,1.0,1169.0,3.176
3,1,GRB180630467,n0,48.96,-87.48,12.032,1.0,0.0,
12,0,GRB200607921,n0,41.33,-83.33,26.625,1.0,1625.0,7.489
4,1,GRB170116238,n5,72.94,-87.43,9.216,1.0,0.0,
7,0,GRB110520302,na,71.01,-85.93,12.288,1.0,1312.0,5.38
5,1,GRB091026550,n4,276.57,-86.11,8.96,1.0,0.0,
6,0,GRB150312403,n3,285.49,-86.0,0.32,0.1,223513.0,446.476
7,1,GRB110520302,na,71.01,-85.93,12.288,1.0,0.0,
34,0,GRB101024486,n2,66.51,-77.26,20.224,1.0,6662.0,50.095
8,1,GRB121216419,n3,13.88,-85.44,9.216,1.0,0.0,
11,0,GRB220430900,n6,9.01,-83.38,30.464,1.0,1115.0,4.392
29,0,GRB171206122,n2,9.48,-78.2,15.36,1.0,2809.0,21.958
10,1,GRB101227195,n8,186.79,-83.55,95.488,1.0,0.0,
13,0,GRB160326062,n8,188.15,-82.69,19.456,1.0,57991.0,230.577
26,0,GRB080714425,n9,187.5,-74.0,40.192,1.0,23236.0,84.144
11,1,GRB220430900,n6,9.01,-83.38,30.464,1.0,0.0,
27,0,GRB100507577,n9,2.9,-79.01,44.033,1.0,3804.0,20.08
29,0,GRB171206122,n2,9.48,-78.2,15.36,1.0,2950.0,13.531
50,0,GRB170121067,n1,3.03,-75.62,2.304,1.0,1877.0,5.303
12,1,GRB200607921,n0,41.33,-83.33,26.625,1.0,0.0,
16,0,GRB101116481,n0,32.0,-81.2,0.576,0.1,202515.0,1078.63
28,0,GRB200907957,n6,34.5,-78.38,140.803,1.0,26725.0,211.474
13,1,GRB160326062,n8,188.15,-82.69,19.456,1.0,0.0,
26,0,GRB080714425,n9,187.5,-74.0,40.192,1.0,17645.0,147.179
14,1,GRB220413167,n8,249.08,-81.55,0.512,0.1,0.0,
19,0,GRB110825265,n7,251.31,-80.28,48.128,1.0,238889.0,2363.733
31,0,GRB140518709,n8,244.04,-77.86,0.704,0.1,5442.0,36.638
70,0,GRB091117080,n2,246.54,-73.94,113.664,1.0,261726.0,2591.42
84,0,GRB100604287,n9,248.3,-73.19,13.44,1.0,448882.0,4457.388
15,1,GRB190825171,n0,210.86,-74.14,12.032,1.0,0.0,
24,0,GRB181007737,n3,211.22,-79.69,23.552,1.0,13954.0,131.524
25,0,GRB100325246,n6,209.14,-79.1,8.192,1.0,1826.0,10.748
36,0,GRB210919653,n3,215.16,-77.1,1.6,0.1,207428.0,492.804
45,0,GRB180622273,na,201.56,-76.4,13.568,1.0,15347.0,145.396
46,0,GRB160406570,n8,208.48,-76.37,66.56,1.0,21481.0,206.48
127,0,GRB130327350,n1,218.09,-69.51,31.233,1.0,23017.0,221.776
131,0,GRB150902733,n3,214.93,-69.36,13.568,1.0,41522.0,406.056
141,0,GRB171024977,n6,210.53,-68.91,35.072,1.0,1149.0,4.007
152,0,GRB191220589,n4,211.77,-67.51,27.905,1.0,20771.0,199.41
201,0,GRB110411629,n8,210.3,-64.99,23.552,1.0,13831.0,130.299
16,1,GRB101116481,n0,32.0,-81.2,0.576,0.1,0.0,
28,0,GRB200907957,n6,34.5,-78.38,140.803,1.0,252960.0,3103.136
33,0,GRB141004150,n1,30.44,-77.3,9.472,1.0,180931.0,2214.34
53,0,GRB210721978,n6,31.53,-75.22,9.984,1.0,197507.0,2418.879
17,1,GRB170130697,n3,296.39,-80.45,29.184,1.0,0.0,
23,0,GRB220415645,n2,298.38,-79.82,23.04,1.0,2899.0,14.611
69,0,GRB150602840,nb,289.87,-74.21,10.496,1.0,8925.0,64.051
72,0,GRB181103046,n1,295.48,-73.76,11.776,1.0,6370.0,43.089
73,0,GRB110517453,n0,296.09,-73.76,0.576,0.1,194110.0,1116.824
18,1,GRB110205027,n4,359.73,-80.44,5.376,1.0,0.0,
22,0,GRB140323433,n0,356.96,-79.9,111.426,1.0,42614.0,397.724
61,0,GRB190304818,n4,357.74,-74.84,2.88,1.0,2554.0,17.306
104,0,GRB210501205,n9,357.84,-71.3,8.192,1.0,13741.0,123.54
19,1,GRB110825265,n7,251.31,-80.28,48.128,1.0,0.0,
31,0,GRB140518709,n8,244.04,-77.86,0.704,0.1,249440.0,1719.83
70,0,GRB091117080,n2,246.54,-73.94,113.664,1.0,5477.0,22.359
84,0,GRB100604287,n9,248.3,-73.19,13.44,1.0,68198.0,401.427
20,1,GRB160919613,n4,266.15,-80.21,62.465,1.0,0.0,
35,0,GRB200119692,n1,271.04,-77.14,19.2,1.0,16376.0,86.409
49,0,GRB120114433,n0,263.23,-75.64,2.752,1.0,15883.0,83.451
100,0,GRB090802666,nb,267.02,-71.77,27.52,1.0,17605.0,93.784
21,1,GRB120830212,na,337.87,-80.04,16.064,1.0,0.0,
39,0,GRB110716018,n8,329.68,-76.98,7.168,1.0,14213.0,102.376
42,0,GRB190731943,n9,339.94,-76.62,15.872,1.0,24598.0,182.939
77,0,GRB170304003,n1,330.5,-73.76,0.16,0.1,253341.0,750.284
22,1,GRB140323433,n0,356.96,-79.9,111.426,1.0,0.0,
61,0,GRB190304818,n4,357.74,-74.84,2.88,1.0,34459.0,135.341
104,0,GRB210501205,n9,357.84,-71.3,8.192,1.0,16201.0,55.748
23,1,GRB220415645,n2,298.38,-79.82,23.04,1.0,0.0,
72,0,GRB181103046,n1,295.48,-73.76,11.776,1.0,2564.0,12.186
73,0,GRB110517453,n0,296.09,-73.76,0.576,0.1,206622.0,941.243
24,1,GRB181007737,n3,211.22,-79.69,23.552,1.0,0.0,
25,0,GRB100325246,n6,209.14,-79.1,8.192,1.0,6835.0,40.949
36,0,GRB210919653,n3,215.16,-77.1,1.6,0.1,274111.0,1046.131
46,0,GRB160406570,n8,208.48,-76.37,66.56,1.0,2821.0,11.782
25,1,GRB100325246,n6,209.14,-79.1,8.192,1.0,0.0,
36,0,GRB210919653,n3,215.16,-77.1,1.6,0.1,218430.0,333.111
45,0,GRB180622273,na,201.56,-76.4,13.568,1.0,10973.0,101.162
46,0,GRB160406570,n8,208.48,-76.37,66.56,1.0,7471.0,66.613
26,1,GRB080714425,n9,187.5,-74.0,40.192,1.0,0.0,
63,0,GRB121116459,n4,180.88,-74.79,0.832,0.1,256457.0,1688.158
81,0,GRB090304216,n7,195.9,-73.4,2.816,1.0,36726.0,235.708
106,0,GRB130320560,n9,195.54,-71.26,340.992,1.0,29337.0,186.218
143,0,GRB160716144,n9,189.61,-68.04,28.928,1.0,20045.0,123.983
167,0,GRB181128751,n6,182.82,-66.74,17.664,1.0,15299.0,92.196
27,1,GRB100507577,n9,2.9,-79.01,44.033,1.0,0.0,
29,0,GRB171206122,n2,9.48,-78.2,15.36,1.0,6598.0,34.646
50,0,GRB170121067,n1,3.03,-75.62,2.304,1.0,3817.0,15.679
111,0,GRB180801492,n0,3.38,-70.68,7.424,1.0,3744.0,15.181
28,1,GRB200907957,n6,34.5,-78.38,140.803,1.0,0.0,
33,0,GRB141004150,n1,30.44,-77.3,9.472,1.0,23996.0,74.633
53,0,GRB210721978,n6,31.53,-75.22,9.984,1.0,30177.0,98.14
86,0,GRB090922605,nb,38.36,-73.08,52.736,1.0,48467.0,167.696
95,0,GRB090120627,n2,38.1,-72.2,1.856,0.1,264688.0,2824.05
112,0,GRB171212434,n0,39.44,-70.62,32.001,1.0,24148.0,75.211
29,1,GRB171206122,n2,9.48,-78.2,15.36,1.0,0.0,
50,0,GRB170121067,n1,3.03,-75.62,2.304,1.0,2711.0,16.226
71,0,GRB200809654,n8,15.83,-73.85,17.408,1.0,1550.0,6.013
88,0,GRB130425327,na,17.78,-72.85,62.209,1.0,10503.0,84.766
89,0,GRB160325291,n6,15.65,-72.7,42.945,1.0,8639.0,68.37
111,0,GRB180801492,n0,3.38,-70.68,7.424,1.0,2775.0,16.789
30,1,GRB190422284,n8,306.66,-73.01,80.386,1.0,0.0,
65,0,GRB110212550,n7,311.33,-74.5,0.064,0.1,256022.0,2396.017
83,0,GRB160625230,n7,314.53,-73.26,43.265,1.0,38966.0,167.488
126,0,GRB131204937,n9,309.67,-69.67,29.952,1.0,32119.0,135.79
162,0,GRB100719311,n1,304.87,-67.14,1.6,0.1,270432.0,2358.475
181,0,GRB120919816,n7,303.53,-66.16,20.48,1.0,9509.0,31.118
187,0,GRB160303971,n6,302.2,-65.68,27.136,1.0,35888.0,153.238
31,1,GRB140518709,n8,244.04,-77.86,0.704,0.1,0.0,
40,0,GRB220315101,n6,236.09,-76.82,0.768,0.1,2516.0,10.51
59,0,GRB100112418,n3,240.14,-75.1,23.04,1.0,199271.0,2272.969
70,0,GRB091117080,n2,246.54,-73.94,113.664,1.0,272413.0,3113.95
84,0,GRB100604287,n9,248.3,-73.19,13.44,1.0,461503.0,5288.092
96,0,GRB141022061,n7,241.9,-72.13,11.52,1.0,164291.0,1870.772
118,0,GRB191111547,n3,239.41,-70.42,158.212,1.0,220562.0,2517.772
124,0,GRB120107384,n7,246.4,-69.93,23.04,1.0,204624.0,2334.518
32,1,GRB130623488,n3,20.72,-77.78,22.272,1.0,0.0,
33,0,GRB141004150,n1,30.44,-77.3,9.472,1.0,3490.0,19.109
71,0,GRB200809654,n8,15.83,-73.85,17.408,1.0,2718.0,13.015
88,0,GRB130425327,na,17.78,-72.85,62.209,1.0,9172.0,63.962
89,0,GRB160325291,n6,15.65,-72.7,42.945,1.0,8702.0,60.251
33,1,GRB141004150,n1,30.44,-77.3,9.472,1.0,0.0,
53,0,GRB210721978,n6,31.53,-75.22,9.984,1.0,4215.0,32.234
86,0,GRB090922605,nb,38.36,-73.08,52.736,1.0,5651.0,45.583
95,0,GRB090120627,n2,38.1,-72.2,1.856,0.1,190800.0,334.982
34,1,GRB101024486,n2,66.51,-77.26,20.224,1.0,0.0,
37,0,GRB210826293,n9,64.63,-77.07,19.712,1.0,11148.0,70.28
48,0,GRB161020759,n4,66.09,-75.65,24.32,1.0,16810.0,110.149
90,0,GRB091102607,n2,72.62,-72.52,6.656,1.0,15599.0,101.621
97,0,GRB170113420,nb,61.73,-71.93,49.152,1.0,33536.0,227.924
136,0,GRB130218261,na,69.31,-69.13,37.121,1.0,11669.0,73.948
35,1,GRB200119692,n1,271.04,-77.14,19.2,1.0,0.0,
47,0,GRB130804023,n6,280.03,-76.15,0.96,0.1,235979.0,845.635
49,0,GRB120114433,n0,263.23,-75.64,2.752,1.0,2893.0,14.754
100,0,GRB090802666,nb,267.02,-71.77,27.52,1.0,2125.0,8.585
148,0,GRB180906759,n6,270.12,-67.67,13.309,1.0,3388.0,18.73
149,0,GRB100605774,n6,273.43,-67.6,8.192,1.0,3568.0,20.176
36,1,GRB210919653,n3,215.16,-77.1,1.6,0.1,0.0,
46,0,GRB160406570,n8,208.48,-76.37,66.56,1.0,267645.0,3260.166
91,0,GRB100926595,n4,222.75,-72.35,32.256,1.0,205889.0,2503.684
98,0,GRB120827216,n2,222.74,-71.89,5.056,1.0,214751.0,2612.24
127,0,GRB130327350,n1,218.09,-69.51,31.233,1.0,225552.0,2744.547
131,0,GRB150902733,n3,214.93,-69.36,13.568,1.0,283691.0,3456.722
141,0,GRB171024977,n6,210.53,-68.91,35.072,1.0,211275.0,2569.66
37,1,GRB210826293,n9,64.63,-77.07,19.712,1.0,0.0,
48,0,GRB161020759,n4,66.09,-75.65,24.32,1.0,14289.0,97.471
90,0,GRB091102607,n2,72.62,-72.52,6.656,1.0,5905.0,35.558
97,0,GRB170113420,nb,61.73,-71.93,49.152,1.0,10659.0,70.665
136,0,GRB130218261,na,69.31,-69.13,37.121,1.0,5598.0,33.291
38,1,GRB190628521,na,144.08,-77.07,19.2,1.0,0.0,
41,0,GRB110819665,n8,139.49,-76.64,16.384,1.0,17771.0,123.815
44,0,GRB180804765,n2,139.67,-68.9,21.504,1.0,13666.0,93.342
115,0,GRB090606471,na,146.94,-70.49,8.064,1.0,3067.0,14.663
117,0,GRB200120962,na,137.13,-70.44,12.8,1.0,8334.0,53.761
121,0,GRB080717543,n2,147.3,-70.0,36.608,1.0,26137.0,185.918
153,0,GRB081006604,n6,142.0,-67.4,6.4,1.0,18727.0,130.912
39,1,GRB110716018,n8,329.68,-76.98,7.168,1.0,0.0,
77,0,GRB170304003,n1,330.5,-73.76,0.16,0.1,157078.0,346.521
156,0,GRB090524346,n3,329.5,-67.4,54.337,1.0,18615.0,197.968
40,1,GRB220315101,n6,236.09,-76.82,0.768,0.1,0.0,
59,0,GRB100112418,n3,240.14,-75.1,23.04,1.0,202694.0,2501.094
96,0,GRB141022061,n7,241.9,-72.13,11.52,1.0,167714.0,2066.284
118,0,GRB191111547,n3,239.41,-70.42,158.212,1.0,223985.0,2765.746
120,0,GRB171020813,n4,234.6,-70.16,19.2,1.0,226189.0,2793.143
41,1,GRB110819665,n8,139.49,-76.64,16.384,1.0,0.0,
44,0,GRB180804765,n2,139.67,-68.9,21.504,1.0,5516.0,40.835
115,0,GRB090606471,na,146.94,-70.49,8.064,1.0,13777.0,113.46
117,0,GRB200120962,na,137.13,-70.44,12.8,1.0,5010.0,36.386
123,0,GRB180630335,n0,133.07,-69.94,48.896,1.0,2647.0,15.612
153,0,GRB081006604,n6,142.0,-67.4,6.4,1.0,1513.0,5.643
42,1,GRB190731943,n9,339.94,-76.62,15.872,1.0,0.0,
77,0,GRB170304003,n1,330.5,-73.76,0.16,0.1,244394.0,414.661
110,0,GRB090927422,na,343.95,-70.98,0.512,0.1,240869.0,427.149
116,0,GRB130505955,n8,344.47,-70.47,50.241,1.0,30916.0,172.478
147,0,GRB090719063,n8,341.27,-67.86,11.392,1.0,13019.0,68.501
43,1,GRB090810659,n2,168.93,-76.4,125.182,1.0,0.0,
57,0,GRB200908886,n0,169.53,-66.97,6.144,1.0,9210.0,25.641
67,0,GRB161012637,n0,160.43,-74.28,6.4,1.0,7669.0,18.733
79,0,GRB201227635,n4,170.12,-73.61,0.112,0.1,204620.0,2785.643
92,0,GRB191112369,n4,164.42,-72.27,50.432,1.0,11423.0,35.563
101,0,GRB110618366,n2,176.81,-71.69,163.843,1.0,10713.0,32.38
103,0,GRB190906767,n4,171.84,-71.57,23.04,1.0,6912.0,15.339
157,0,GRB150404733,n8,165.91,-67.37,4.864,1.0,6231.0,12.286
44,1,GRB180804765,n2,139.67,-68.9,21.504,1.0,0.0,
94,0,GRB210603907,n8,145.88,-62.12,7.936,1.0,12949.0,96.377
115,0,GRB090606471,na,146.94,-70.49,8.064,1.0,8439.0,59.976
117,0,GRB200120962,na,137.13,-70.44,12.8,1.0,1895.0,7.159
121,0,GRB080717543,n2,147.3,-70.0,36.608,1.0,6008.0,40.355
123,0,GRB180630335,n0,133.07,-69.94,48.896,1.0,3717.0,21.864
153,0,GRB081006604,n6,142.0,-67.4,6.4,1.0,5098.0,33.01
158,0,GRB180723133,n0,130.03,-67.15,3.072,1.0,8508.0,60.533
209,0,GRB090711850,n0,139.61,-64.74,51.969,1.0,4500.0,28.184
264,0,GRB120119229,n0,139.65,-61.33,41.728,1.0,6384.0,43.39
45,1,GRB180622273,na,201.56,-76.4,13.568,1.0,0.0,
46,0,GRB160406570,n8,208.48,-76.37,66.56,1.0,6095.0,40.927
81,0,GRB090304216,n7,195.9,-73.4,2.816,1.0,15581.0,116.713
106,0,GRB130320560,n9,195.54,-71.26,340.992,1.0,40467.0,315.534
46,1,GRB160406570,n8,208.48,-76.37,66.56,1.0,0.0,
131,0,GRB150902733,n3,214.93,-69.36,13.568,1.0,35372.0,174.565
141,0,GRB171024977,n6,210.53,-68.91,35.072,1.0,21553.0,101.773
152,0,GRB191220589,n4,211.77,-67.51,27.905,1.0,8900.0,35.123
47,1,GRB130804023,n6,280.03,-76.15,0.96,0.1,0.0,
51,0,GRB170124874,n0,282.04,-75.51,22.784,1.0,270186.0,3200.663
128,0,GRB090725838,n8,281.88,-69.49,13.76,1.0,246683.0,2920.658
48,1,GRB161020759,n4,66.09,-75.65,24.32,1.0,0.0,
90,0,GRB091102607,n2,72.62,-72.52,6.656,1.0,20324.0,115.992
97,0,GRB170113420,nb,61.73,-71.93,49.152,1.0,31062.0,181.735
136,0,GRB130218261,na,69.31,-69.13,37.121,1.0,13828.0,76.22
144,0,GRB210126417,n1,70.68,-67.94,61.441,1.0,42556.0,252.108
49,1,GRB120114433,n0,263.23,-75.64,2.752,1.0,0.0,
56,0,GRB110911071,n2,258.58,-66.98,8.96,1.0,570.0,0.094
100,0,GRB090802666,nb,267.02,-71.77,27.52,1.0,2150.0,17.24
50,1,GRB170121067,n1,3.03,-75.62,2.304,1.0,0.0,
111,0,GRB180801492,n0,3.38,-70.68,7.424,1.0,1262.0,7.834
164,0,GRB180703876,n7,6.54,-67.1,20.736,1.0,3224.0,29.35
186,0,GRB090625560,n8,2.26,-65.78,13.056,1.0,3712.0,34.702
51,1,GRB170124874,n0,282.04,-75.51,22.784,1.0,0.0,
69,0,GRB150602840,nb,289.87,-74.21,10.496,1.0,32198.0,200.636
128,0,GRB090725838,n8,281.88,-69.49,13.76,1.0,5522.0,27.478
52,1,GRB190806675,n0,121.13,-75.36,20.992,1.0,0.0,
58,0,GRB141022087,n2,119.39,-75.17,9.216,1.0,609492.0,4770.639
60,0,GRB210411564,n7,115.68,-74.84,47.873,1.0,5676.0,36.5
68,0,GRB141221897,n3,126.02,-74.21,32.513,1.0,2155.0,8.894
93,0,GRB200616048,n6,116.16,-72.23,23.297,1.0,4292.0,25.649
102,0,GRB090516137,n7,122.2,-71.62,110.594,1.0,5517.0,35.253
130,0,GRB210520797,n0,123.0,-69.4,56.065,1.0,3614.0,20.333
139,0,GRB130420422,na,117.06,-69.03,27.328,1.0,2305.0,10.07
140,0,GRB081226044,n2,120.5,-69.0,0.832,0.1,217381.0,931.332
53,1,GRB210721978,n6,31.53,-75.22,9.984,1.0,0.0,
86,0,GRB090922605,nb,38.36,-73.08,52.736,1.0,4589.0,39.271
95,0,GRB090120627,n2,38.1,-72.2,1.856,0.1,208767.0,430.46
112,0,GRB171212434,n0,39.44,-70.62,32.001,1.0,2835.0,21.661
54,1,GRB180614327,na,52.22,-75.17,9.216,1.0,0.0,
99,0,GRB100517639,n4,52.73,-71.87,5.44,1.0,5691.0,55.785
135,0,GRB140110411,n0,50.64,-69.29,0.768,0.1,178863.0,409.058
151,0,GRB110316139,n3,46.7,-67.58,2.944,1.0,6633.0,66.181
163,0,GRB090819607,n7,49.08,-67.12,0.192,0.1,168771.0,466.786
55,1,GRB180906597,n2,104.81,-67.02,52.03,1.0,0.0,
82,0,GRB151026523,na,107.39,-73.32,63.232,1.0,19074.0,122.115
85,0,GRB140213807,n1,105.22,-73.14,18.624,1.0,21635.0,140.073
87,0,GRB090513941,n2,99.1,-72.9,11.776,1.0,8582.0,48.545
113,0,GRB140616165,n0,104.94,-70.51,0.512,0.1,188716.0,1405.627
125,0,GRB080905570,n8,96.9,-69.8,26.624,1.0,15181.0,94.817
133,0,GRB170625692,n6,106.7,-69.35,22.784,1.0,1943.0,1.992
134,0,GRB180804931,n8,109.36,-69.32,18.432,1.0,17208.0,109.031
168,0,GRB181208188,n0,104.11,-66.66,62.465,1.0,64915.0,443.555
188,0,GRB120426090,na,111.54,-65.63,2.688,1.0,30602.0,202.95
205,0,GRB190804058,n4,108.02,-64.86,4.224,1.0,2978.0,9.249
207,0,GRB120921877,n4,96.42,-64.77,5.632,1.0,4289.0,18.442
215,0,GRB150805445,n2,95.76,-64.33,45.825,1.0,4988.0,23.343
288,0,GRB140716436,n4,108.17,-60.18,168.253,1.0,8139.0,45.438
289,0,GRB130701060,na,97.79,-60.13,20.224,1.0,15766.0,98.919
56,1,GRB110911071,n2,258.58,-66.98,8.96,1.0,0.0,
100,0,GRB090802666,nb,267.02,-71.77,27.52,1.0,1966.0,12.525
129,0,GRB140322424,n8,250.3,-69.45,10.496,1.0,3110.0,23.796
192,0,GRB161105417,n1,249.25,-65.22,41.473,1.0,13967.0,130.764
199,0,GRB090602564,na,248.94,-65.02,20.736,1.0,3903.0,31.609
208,0,GRB170126480,n9,263.63,-64.76,13.824,1.0,8069.0,72.654
213,0,GRB101213849,n3,260.99,-64.51,5.12,1.0,4506.0,37.55
219,0,GRB140612294,n7,267.38,-64.11,38.913,1.0,3552.0,28.151
278,0,GRB161110179,n1,254.91,-60.62,1.792,0.1,248956.0,396.301
57,1,GRB200908886,n0,169.53,-66.97,6.144,1.0,0.0,
79,0,GRB201227635,n4,170.12,-73.61,0.112,0.1,188438.0,356.069
92,0,GRB191112369,n4,164.42,-72.27,50.432,1.0,5278.0,48.189
101,0,GRB110618366,n2,176.81,-71.69,163.843,1.0,17213.0,171.34
103,0,GRB190906767,n4,171.84,-71.57,23.04,1.0,1048.0,4.541
157,0,GRB150404733,n8,165.91,-67.37,4.864,1.0,1048.0,4.541
210,0,GRB180113418,n1,174.63,-64.74,24.576,1.0,61742.0,630.815
221,0,GRB150204272,n7,160.24,-64.04,11.008,1.0,1802.0,12.321
233,0,GRB140422194,na,164.54,-62.62,361.472,1.0,35842.0,363.564
271,0,GRB081006872,n6,172.2,-61.0,3.328,1.0,656.0,0.496
285,0,GRB080723557,n4,176.8,-60.2,58.369,1.0,37230.0,377.887
58,1,GRB141022087,n2,119.39,-75.17,9.216,1.0,0.0,
60,0,GRB210411564,n7,115.68,-74.84,47.873,1.0,640739.0,1453.424
68,0,GRB141221897,n3,126.02,-74.21,32.513,1.0,626540.0,1421.086
93,0,GRB200616048,n6,116.16,-72.23,23.297,1.0,614606.0,1393.906
102,0,GRB090516137,n7,122.2,-71.62,110.594,1.0,724903.0,1645.108
130,0,GRB210520797,n0,123.0,-69.4,56.065,1.0,651558.0,1478.064
139,0,GRB130420422,na,117.06,-69.03,27.328,1.0,618209.0,1402.112
140,0,GRB081226044,n2,120.5,-69.0,0.832,0.1,628355.0,582.023
59,1,GRB100112418,n3,240.14,-75.1,23.04,1.0,0.0,
70,0,GRB091117080,n2,246.54,-73.94,113.664,1.0,33470.0,270.638
84,0,GRB100604287,n9,248.3,-73.19,13.44,1.0,56412.0,461.962
96,0,GRB141022061,n7,241.9,-72.13,11.52,1.0,4856.0,32.013
118,0,GRB191111547,n3,239.41,-70.42,158.212,1.0,9097.0,67.38
120,0,GRB171020813,n4,234.6,-70.16,19.2,1.0,4697.0,30.687
124,0,GRB120107384,n7,246.4,-69.93,23.04,1.0,3691.0,22.297
60,1,GRB210411564,n7,115.68,-74.84,47.873,1.0,0.0,
82,0,GRB151026523,na,107.39,-73.32,63.232,1.0,11593.0,71.001
93,0,GRB200616048,n6,116.16,-72.23,23.297,1.0,2273.0,5.065
102,0,GRB090516137,n7,122.2,-71.62,110.594,1.0,11408.0,69.692
130,0,GRB210520797,n0,123.0,-69.4,56.065,1.0,3353.0,12.706
134,0,GRB180804931,n8,109.36,-69.32,18.432,1.0,11027.0,66.997
139,0,GRB130420422,na,117.06,-69.03,27.328,1.0,3082.0,10.789
140,0,GRB081226044,n2,120.5,-69.0,0.832,0.1,188427.0,1540.01
61,1,GRB190304818,n4,357.74,-74.84,2.88,1.0,0.0,
104,0,GRB210501205,n9,357.84,-71.3,8.192,1.0,12986.0,115.798
176,0,GRB090926181,n7,353.4,-66.32,13.76,1.0,61840.0,574.221
62,1,GRB200629535,nb,338.46,-65.59,28.16,1.0,0.0,
74,0,GRB190921699,n6,338.38,-63.42,22.272,1.0,12324.0,86.537
110,0,GRB090927422,na,343.95,-70.98,0.512,0.1,144646.0,868.164
116,0,GRB130505955,n8,344.47,-70.47,50.241,1.0,16994.0,122.639
147,0,GRB090719063,n8,341.27,-67.86,11.392,1.0,42286.0,318.158
156,0,GRB090524346,n3,329.5,-67.4,54.337,1.0,19930.0,145.335
178,0,GRB150628767,n7,347.02,-66.18,0.64,0.1,151200.0,839.594
183,0,GRB200130248,n6,329.29,-65.93,56.577,1.0,8188.0,54.564
189,0,GRB130727698,nb,330.8,-65.54,12.992,1.0,8113.0,53.984
223,0,GRB170127067,n4,339.33,-63.94,0.128,0.1,139502.0,890.587
226,0,GRB180727594,n9,346.66,-63.05,0.896,0.1,149225.0,848.203
259,0,GRB171025913,n9,338.24,-61.52,7.936,1.0,12918.0,91.129
304,0,GRB200219317,n3,342.64,-59.12,1.152,0.1,151456.0,838.478
325,0,GRB150821406,n9,341.91,-57.89,103.426,1.0,11475.0,79.974
340,0,GRB080916406,n8,336.3,-57.0,46.337,1.0,4462.0,25.76
63,1,GRB121116459,n4,180.88,-74.79,0.832,0.1,0.0,
101,0,GRB110618366,n2,176.81,-71.69,163.843,1.0,240490.0,2907.49
103,0,GRB190906767,n4,171.84,-71.57,23.04,1.0,191294.0,2308.695
167,0,GRB181128751,n6,182.82,-66.74,17.664,1.0,177272.0,2138.024
64,1,GRB190327111,n8,79.07,-74.67,36.864,1.0,0.0,
78,0,GRB140712973,n8,83.48,-73.62,28.16,1.0,9833.0,51.561
90,0,GRB091102607,n2,72.62,-72.52,6.656,1.0,11327.0,60.851
107,0,GRB201104001,n7,81.4,-71.1,52.48,1.0,6630.0,31.643
65,1,GRB110212550,n7,311.33,-74.5,0.064,0.1,0.0,
83,0,GRB160625230,n7,314.53,-73.26,43.265,1.0,153178.0,1904.128
126,0,GRB131204937,n9,309.67,-69.67,29.952,1.0,180410.0,2245.884
162,0,GRB100719311,n1,304.87,-67.14,1.6,0.1,3466.0,25.272
66,1,GRB181022846,n0,216.26,-65.29,13.824,1.0,0.0,
91,0,GRB100926595,n4,222.75,-72.35,32.256,1.0,3989.0,29.518
98,0,GRB120827216,n2,222.74,-71.89,5.056,1.0,1594.0,7.15
127,0,GRB130327350,n1,218.09,-69.51,31.233,1.0,17761.0,158.142
131,0,GRB150902733,n3,214.93,-69.36,13.568,1.0,38816.0,354.785
141,0,GRB171024977,n6,210.53,-68.91,35.072,1.0,2012.0,11.054
152,0,GRB191220589,n4,211.77,-67.51,27.905,1.0,13866.0,121.764
194,0,GRB170210116,n2,226.05,-65.1,76.545,1.0,44913.0,411.727
201,0,GRB110411629,n8,210.3,-64.99,23.552,1.0,8660.0,73.143
211,0,GRB091017985,n0,214.4,-64.74,44.8,1.0,1807.0,9.14
236,0,GRB141016897,n6,221.45,-62.49,17.405,1.0,3673.0,26.567
250,0,GRB170912273,n9,215.46,-62.0,13.568,1.0,11167.0,96.557
252,0,GRB170727841,n9,218.85,-61.84,19.2,1.0,2980.0,20.095
254,0,GRB170112970,n0,207.76,-61.77,7.36,1.0,953.0,1.164
262,0,GRB140115863,n4,210.03,-61.41,14.909,1.0,2287.0,13.622
317,0,GRB111015427,n2,220.65,-58.41,92.737,1.0,6138.0,49.589
367,0,GRB150425617,n6,214.23,-55.5,4.352,1.0,1658.0,7.748
67,1,GRB161012637,n0,160.43,-74.28,6.4,1.0,0.0,
79,0,GRB201227635,n4,170.12,-73.61,0.112,0.1,187274.0,364.47
92,0,GRB191112369,n4,164.42,-72.27,50.432,1.0,4350.0,39.767
142,0,GRB090411838,n1,156.0,-68.9,21.501,1.0,2833.0,23.566
157,0,GRB150404733,n8,165.91,-67.37,4.864,1.0,946.0,3.414
68,1,GRB141221897,n3,126.02,-74.21,32.513,1.0,0.0,
102,0,GRB090516137,n7,122.2,-71.62,110.594,1.0,4734.0,22.398
123,0,GRB180630335,n0,133.07,-69.94,48.896,1.0,3953.0,17.172
130,0,GRB210520797,n0,123.0,-69.4,56.065,1.0,4458.0,20.551
140,0,GRB081226044,n2,120.5,-69.0,0.832,0.1,217043.0,1214.883
158,0,GRB180723133,n0,130.03,-67.15,3.072,1.0,10622.0,61.793
171,0,GRB111107035,n8,129.48,-66.52,12.032,1.0,3607.0,14.857
69,1,GRB150602840,nb,289.87,-74.21,10.496,1.0,0.0,
72,0,GRB181103046,n1,295.48,-73.76,11.776,1.0,13503.0,141.038
73,0,GRB110517453,n0,296.09,-73.76,0.576,0.1,124085.0,399.205
128,0,GRB090725838,n8,281.88,-69.49,13.76,1.0,17890.0,189.172
177,0,GRB220518717,n0,293.32,-66.21,3.84,1.0,9475.0,96.843
70,1,GRB091117080,n2,246.54,-73.94,113.664,1.0,0.0,
84,0,GRB100604287,n9,248.3,-73.19,13.44,1.0,117532.0,499.039
96,0,GRB141022061,n7,241.9,-72.13,11.52,1.0,53690.0,219.587
118,0,GRB191111547,n3,239.41,-70.42,158.212,1.0,39845.0,158.984
124,0,GRB120107384,n7,246.4,-69.93,23.04,1.0,12805.0,40.623
129,0,GRB140322424,n8,250.3,-69.45,10.496,1.0,9194.0,24.816
192,0,GRB161105417,n1,249.25,-65.22,41.473,1.0,7175.0,15.979
199,0,GRB090602564,na,248.94,-65.02,20.736,1.0,5295.0,7.75
71,1,GRB200809654,n8,15.83,-73.85,17.408,1.0,0.0,
88,0,GRB130425327,na,17.78,-72.85,62.209,1.0,9944.0,78.047
89,0,GRB160325291,n6,15.65,-72.7,42.945,1.0,7002.0,52.657
72,1,GRB181103046,n1,295.48,-73.76,11.776,1.0,0.0,
177,0,GRB220518717,n0,293.32,-66.21,3.84,1.0,2161.0,12.693
73,1,GRB110517453,n0,296.09,-73.76,0.576,0.1,0.0,
177,0,GRB220518717,n0,293.32,-66.21,3.84,1.0,205310.0,2731.498
74,1,GRB190921699,n6,338.38,-63.42,22.272,1.0,0.0,
110,0,GRB090927422,na,343.95,-70.98,0.512,0.1,212509.0,941.176
116,0,GRB130505955,n8,344.47,-70.47,50.241,1.0,3063.0,15.466
147,0,GRB090719063,n8,341.27,-67.86,11.392,1.0,32115.0,240.519
156,0,GRB090524346,n3,329.5,-67.4,54.337,1.0,8547.0,57.948
178,0,GRB150628767,n7,347.02,-66.18,0.64,0.1,219418.0,912.16
183,0,GRB200130248,n6,329.29,-65.93,56.577,1.0,3509.0,18.921
189,0,GRB130727698,nb,330.8,-65.54,12.992,1.0,2977.0,14.799
223,0,GRB170127067,n4,339.33,-63.94,0.128,0.1,205945.0,968.743
226,0,GRB180727594,n9,346.66,-63.05,0.896,0.1,218153.0,917.473
259,0,GRB171025913,n9,338.24,-61.52,7.936,1.0,1226.0,1.235
304,0,GRB200219317,n3,342.64,-59.12,1.152,0.1,221449.0,903.63
325,0,GRB150821406,n9,341.91,-57.89,103.426,1.0,15020.0,108.091
340,0,GRB080916406,n8,336.3,-57.0,46.337,1.0,9131.0,62.472
341,0,GRB131028096,n8,333.4,-56.94,14.336,1.0,2119.0,8.153
342,0,GRB210123305,n2,345.12,-56.93,13.056,1.0,11965.0,84.426
357,0,GRB190726843,n8,342.68,-55.98,224.26,1.0,10326.0,71.729
404,0,GRB120117291,n2,339.01,-54.25,3.328,1.0,1852.0,6.084
75,1,GRB211219910,n2,68.54,-63.18,73.729,1.0,0.0,
109,0,GRB190814837,n9,60.41,-60.34,9.984,1.0,16437.0,78.705
136,0,GRB130218261,na,69.31,-69.13,37.121,1.0,7767.0,30.519
144,0,GRB210126417,n1,70.68,-67.94,61.441,1.0,17323.0,83.629
173,0,GRB151003729,n4,60.34,-66.37,44.032,1.0,11889.0,53.428
198,0,GRB090924625,n9,69.73,-65.02,0.352,0.1,218466.0,2166.065
204,0,GRB190903722,n8,62.43,-64.86,0.272,0.1,217092.0,2170.035
227,0,GRB131105087,n7,71.01,-62.98,112.642,1.0,23449.0,117.676
230,0,GRB131030653,n7,61.45,-62.8,53.248,1.0,18894.0,92.361
234,0,GRB081204004,n1,63.3,-62.6,7.424,1.0,6415.0,23.005
258,0,GRB151231443,nb,65.63,-61.54,71.425,1.0,15949.0,75.993
273,0,GRB150514774,n3,74.85,-60.91,10.813,1.0,8247.0,33.187
290,0,GRB130617564,n2,74.73,-60.06,0.768,0.1,225432.0,2145.936
292,0,GRB150827785,n0,68.3,-60.0,10.496,1.0,3571.0,7.199
294,0,GRB200901158,n2,61.76,-59.88,10.176,1.0,7558.0,29.357
298,0,GRB200126466,n3,59.47,-59.62,0.768,0.1,220344.0,2160.638
309,0,GRB180412425,n6,62.32,-59.01,20.992,1.0,2281.0,0.029
329,0,GRB091031500,n9,71.7,-57.5,33.921,1.0,8294.0,33.448
334,0,GRB161001045,n3,71.92,-57.26,2.24,1.0,9394.0,39.562
378,0,GRB081129161,na,63.2,-54.9,62.657,1.0,7904.0,31.28
400,0,GRB211031175,n6,71.98,-54.27,0.128,0.1,218590.0,2165.707
76,1,GRB200803149,n9,311.29,-63.08,118.274,1.0,0.0,
126,0,GRB131204937,n9,309.67,-69.67,29.952,1.0,27618.0,96.395
162,0,GRB100719311,n1,304.87,-67.14,1.6,0.1,249691.0,2703.222
172,0,GRB190420981,n0,319.29,-66.41,1.472,0.1,252204.0,2697.476
181,0,GRB120919816,n7,303.53,-66.16,20.48,1.0,12747.0,36.479
187,0,GRB160303971,n6,302.2,-65.68,27.136,1.0,31763.0,113.095
190,0,GRB101023951,n5,317.97,-65.39,76.801,1.0,38141.0,138.793
203,0,GRB150826557,n9,317.97,-64.94,33.024,1.0,15987.0,49.533
222,0,GRB110818860,nb,317.34,-63.98,67.073,1.0,15176.0,46.265
232,0,GRB150403913,n3,311.5,-62.71,22.272,1.0,24435.0,83.57
235,0,GRB080905705,nb,301.7,-62.6,105.984,1.0,28116.0,98.401
251,0,GRB141013803,na,315.06,-61.89,82.432,1.0,19987.0,65.649
279,0,GRB160424492,n0,319.48,-60.61,6.592,1.0,17995.0,57.623
301,0,GRB100225115,n3,310.3,-59.4,12.992,1.0,12370.0,34.96
349,0,GRB200924386,nb,317.3,-56.4,2.816,1.0,12260.0,34.517
363,0,GRB110205588,n4,312.69,-55.85,158.72,1.0,23660.0,80.448
371,0,GRB160516237,nb,310.83,-55.33,2.432,1.0,16242.0,50.56
415,0,GRB170317666,n4,308.13,-53.75,212.995,1.0,15744.0,48.554
77,1,GRB170304003,n1,330.5,-73.76,0.16,0.1,0.0,
156,0,GRB090524346,n3,329.5,-67.4,54.337,1.0,242309.0,3267.923
183,0,GRB200130248,n6,329.29,-65.93,56.577,1.0,201044.0,2708.232
189,0,GRB130727698,nb,330.8,-65.54,12.992,1.0,206733.0,2785.393
78,1,GRB140712973,n8,83.48,-73.62,28.16,1.0,0.0,
107,0,GRB201104001,n7,81.4,-71.1,52.48,1.0,8996.0,58.426
122,0,GRB100429999,n7,89.09,-69.96,25.024,1.0,8413.0,54.025
79,1,GRB201227635,n4,170.12,-73.61,0.112,0.1,0.0,
92,0,GRB191112369,n4,164.42,-72.27,50.432,1.0,208371.0,2351.791
101,0,GRB110618366,n2,176.81,-71.69,163.843,1.0,230762.0,2606.523
103,0,GRB190906767,n4,171.84,-71.57,23.04,1.0,182231.0,2054.409
157,0,GRB150404733,n8,165.91,-67.37,4.864,1.0,177444.0,1999.95
210,0,GRB180113418,n1,174.63,-64.74,24.576,1.0,264458.0,2989.865
80,1,GRB200117517,na,129.67,-62.51,28.416,1.0,0.0,
123,0,GRB180630335,n0,133.07,-69.94,48.896,1.0,2032.0,6.585
130,0,GRB210520797,n0,123.0,-69.4,56.065,1.0,2898.0,13.324
158,0,GRB180723133,n0,130.03,-67.15,3.072,1.0,6382.0,40.438
171,0,GRB111107035,n8,129.48,-66.52,12.032,1.0,1263.0,0.6
269,0,GRB120304061,n7,127.15,-61.12,9.984,1.0,6791.0,43.621
282,0,GRB130730243,n6,133.75,-60.36,27.904,1.0,4779.0,27.963
303,0,GRB141031304,n1,128.61,-59.17,19.456,1.0,4495.0,25.753
401,0,GRB200923748,n0,126.3,-54.25,0.64,0.1,217929.0,1090.07
81,1,GRB090304216,n7,195.9,-73.4,2.816,1.0,0.0,
106,0,GRB130320560,n9,195.54,-71.26,340.992,1.0,212768.0,1727.664
143,0,GRB160716144,n9,189.61,-68.04,28.928,1.0,47855.0,384.163
82,1,GRB151026523,na,107.39,-73.32,63.232,1.0,0.0,
85,0,GRB140213807,n1,105.22,-73.14,18.624,1.0,25528.0,130.85
87,0,GRB090513941,n2,99.1,-72.9,11.776,1.0,3367.0,6.99
93,0,GRB200616048,n6,116.16,-72.23,23.297,1.0,9349.0,40.424
113,0,GRB140616165,n0,104.94,-70.51,0.512,0.1,249342.0,1970.181
133,0,GRB170625692,n6,106.7,-69.35,22.784,1.0,19512.0,97.226
134,0,GRB180804931,n8,109.36,-69.32,18.432,1.0,4088.0,11.02
168,0,GRB181208188,n0,104.11,-66.66,62.465,1.0,44964.0,239.479
188,0,GRB120426090,na,111.54,-65.63,2.688,1.0,18835.0,93.442
205,0,GRB190804058,n4,108.02,-64.86,4.224,1.0,8024.0,33.019
83,1,GRB160625230,n7,314.53,-73.26,43.265,1.0,0.0,
126,0,GRB131204937,n9,309.67,-69.67,29.952,1.0,6391.0,38.532
172,0,GRB190420981,n0,319.29,-66.41,1.472,0.1,163443.0,1324.654
190,0,GRB101023951,n5,317.97,-65.39,76.801,1.0,73213.0,549.913
203,0,GRB150826557,n9,317.97,-64.94,33.024,1.0,24861.0,179.881
222,0,GRB110818860,nb,317.34,-63.98,67.073,1.0,18903.0,134.285
84,1,GRB100604287,n9,248.3,-73.19,13.44,1.0,0.0,
96,0,GRB141022061,n7,241.9,-72.13,11.52,1.0,49722.0,291.558
118,0,GRB191111547,n3,239.41,-70.42,158.212,1.0,203415.0,1215.484
124,0,GRB120107384,n7,246.4,-69.93,23.04,1.0,52863.0,310.44
129,0,GRB140322424,n8,250.3,-69.45,10.496,1.0,36357.0,211.214
192,0,GRB161105417,n1,249.25,-65.22,41.473,1.0,50683.0,297.335
199,0,GRB090602564,na,248.94,-65.02,20.736,1.0,41030.0,239.306
85,1,GRB140213807,n1,105.22,-73.14,18.624,1.0,0.0,
87,0,GRB090513941,n2,99.1,-72.9,11.776,1.0,22748.0,154.765
113,0,GRB140616165,n0,104.94,-70.51,0.512,0.1,191557.0,419.184
125,0,GRB080905570,n8,96.9,-69.8,26.624,1.0,21157.0,143.377
133,0,GRB170625692,n6,106.7,-69.35,22.784,1.0,22499.0,152.983
134,0,GRB180804931,n8,109.36,-69.32,18.432,1.0,17875.0,119.886
168,0,GRB181208188,n0,104.11,-66.66,62.465,1.0,42403.0,295.448
188,0,GRB120426090,na,111.54,-65.63,2.688,1.0,18039.0,121.06
205,0,GRB190804058,n4,108.02,-64.86,4.224,1.0,21295.0,144.365
86,1,GRB090922605,nb,38.36,-73.08,52.736,1.0,0.0,
95,0,GRB090120627,n2,38.1,-72.2,1.856,0.1,183685.0,1528.329
112,0,GRB171212434,n0,39.44,-70.62,32.001,1.0,6188.0,31.504
151,0,GRB110316139,n3,46.7,-67.58,2.944,1.0,12216.0,73.007
87,1,GRB090513941,n2,99.1,-72.9,11.776,1.0,0.0,
108,0,GRB120711115,n2,94.69,-71.0,44.033,1.0,2054.0,12.041
113,0,GRB140616165,n0,104.94,-70.51,0.512,0.1,227399.0,501.383
125,0,GRB080905570,n8,96.9,-69.8,26.624,1.0,2738.0,18.601
133,0,GRB170625692,n6,106.7,-69.35,22.784,1.0,7489.0,64.164
168,0,GRB181208188,n0,104.11,-66.66,62.465,1.0,45339.0,427.156
207,0,GRB120921877,n4,96.42,-64.77,5.632,1.0,4241.0,33.015
215,0,GRB150805445,n2,95.76,-64.33,45.825,1.0,2927.0,20.414
88,1,GRB130425327,na,17.78,-72.85,62.209,1.0,0.0,
89,0,GRB160325291,n6,15.65,-72.7,42.945,1.0,9068.0,33.669
220,0,GRB151117442,n3,19.64,-64.1,58.561,1.0,9932.0,37.962
89,1,GRB160325291,n6,15.65,-72.7,42.945,1.0,0.0,
216,0,GRB181128129,n3,10.27,-64.3,1.728,0.1,222836.0,1294.458
220,0,GRB151117442,n3,19.64,-64.1,58.561,1.0,6996.0,33.467
90,1,GRB091102607,n2,72.62,-72.52,6.656,1.0,0.0,
107,0,GRB201104001,n7,81.4,-71.1,52.48,1.0,10422.0,94.144
136,0,GRB130218261,na,69.31,-69.13,37.121,1.0,6385.0,55.136
144,0,GRB210126417,n1,70.68,-67.94,61.441,1.0,7545.0,66.344
198,0,GRB090924625,n9,69.73,-65.02,0.352,0.1,193252.0,343.493
227,0,GRB131105087,n7,71.01,-62.98,112.642,1.0,16706.0,154.864
91,1,GRB100926595,n4,222.75,-72.35,32.256,1.0,0.0,
98,0,GRB120827216,n2,222.74,-71.89,5.056,1.0,2259.0,7.404
127,0,GRB130327350,n1,218.09,-69.51,31.233,1.0,9971.0,65.128
131,0,GRB150902733,n3,214.93,-69.36,13.568,1.0,41242.0,299.191
194,0,GRB170210116,n2,226.05,-65.1,76.545,1.0,34805.0,251.01
236,0,GRB141016897,n6,221.45,-62.49,17.405,1.0,3878.0,19.523
92,1,GRB191112369,n4,164.42,-72.27,50.432,1.0,0.0,
103,0,GRB190906767,n4,171.84,-71.57,23.04,1.0,5781.0,24.817
142,0,GRB090411838,n1,156.0,-68.9,21.501,1.0,5085.0,20.494
157,0,GRB150404733,n8,165.91,-67.37,4.864,1.0,4617.0,17.587
221,0,GRB150204272,n7,160.24,-64.04,11.008,1.0,6780.0,31.022
233,0,GRB140422194,na,164.54,-62.62,361.472,1.0,11196.0,58.449
93,1,GRB200616048,n6,116.16,-72.23,23.297,1.0,0.0,
102,0,GRB090516137,n7,122.2,-71.62,110.594,1.0,9465.0,68.345
130,0,GRB210520797,n0,123.0,-69.4,56.065,1.0,3744.0,21.981
133,0,GRB170625692,n6,106.7,-69.35,22.784,1.0,3674.0,21.414
134,0,GRB180804931,n8,109.36,-69.32,18.432,1.0,7800.0,54.852
139,0,GRB130420422,na,117.06,-69.03,27.328,1.0,3164.0,17.281
140,0,GRB081226044,n2,120.5,-69.0,0.832,0.1,184544.0,922.753
188,0,GRB120426090,na,111.54,-65.63,2.688,1.0,23148.0,179.233
240,0,GRB191031780,n6,115.86,-62.34,77.825,1.0,6325.0,42.898
94,1,GRB210603907,n8,145.88,-62.12,7.936,1.0,0.0,
115,0,GRB090606471,na,146.94,-70.49,8.064,1.0,16708.0,180.433
121,0,GRB080717543,n2,147.3,-70.0,36.608,1.0,6440.0,65.472
153,0,GRB081006604,n6,142.0,-67.4,6.4,1.0,4058.0,38.803
202,0,GRB210317381,n2,154.22,-64.94,46.337,1.0,14008.0,150.203
209,0,GRB090711850,n0,139.61,-64.74,51.969,1.0,13108.0,140.127
238,0,GRB121217313,n9,153.71,-62.35,828.672,1.0,333684.0,3729.31
248,0,GRB150802127,n5,151.53,-62.08,313.093,1.0,54099.0,599.064
264,0,GRB120119229,n0,139.65,-61.33,41.728,1.0,7872.0,81.505
265,0,GRB080719529,n6,153.2,-61.3,16.128,1.0,846.0,2.841
302,0,GRB100916779,n4,151.96,-59.38,12.8,1.0,1160.0,6.357
321,0,GRB130206817,n6,140.37,-58.16,91.585,1.0,3528.0,32.869
365,0,GRB190720964,n3,138.87,-55.59,10.496,1.0,12204.0,130.006
405,0,GRB110227009,n8,148.72,-54.04,1.728,0.1,169164.0,301.214
95,1,GRB090120627,n2,38.1,-72.2,1.856,0.1,0.0,
112,0,GRB171212434,n0,39.44,-70.62,32.001,1.0,202455.0,2427.824
151,0,GRB110316139,n3,46.7,-67.58,2.944,1.0,230327.0,2764.71
225,0,GRB130523198,n6,39.49,-63.07,5.376,1.0,256076.0,3075.936
243,0,GRB180625941,n4,39.13,-62.31,0.704,0.1,1453.0,1.592
96,1,GRB141022061,n7,241.9,-72.13,11.52,1.0,0.0,
118,0,GRB191111547,n3,239.41,-70.42,158.212,1.0,22850.0,235.138
120,0,GRB171020813,n4,234.6,-70.16,19.2,1.0,11307.0,112.654
124,0,GRB120107384,n7,246.4,-69.93,23.04,1.0,8879.0,86.89
129,0,GRB140322424,n8,250.3,-69.45,10.496,1.0,11567.0,115.413
97,1,GRB170113420,nb,61.73,-71.93,49.152,1.0,0.0,
99,0,GRB100517639,n4,52.73,-71.87,5.44,1.0,8289.0,45.411
136,0,GRB130218261,na,69.31,-69.13,37.121,1.0,18541.0,115.106
144,0,GRB210126417,n1,70.68,-67.94,61.441,1.0,7423.0,39.524
173,0,GRB151003729,n4,60.34,-66.37,44.032,1.0,19209.0,119.647
204,0,GRB190903722,n8,62.43,-64.86,0.272,0.1,191944.0,1583.862
230,0,GRB131030653,n7,61.45,-62.8,53.248,1.0,6388.0,32.487
234,0,GRB081204004,n1,63.3,-62.6,7.424,1.0,2110.0,3.405
98,1,GRB120827216,n2,222.74,-71.89,5.056,1.0,0.0,
127,0,GRB130327350,n1,218.09,-69.51,31.233,1.0,9969.0,93.272
131,0,GRB150902733,n3,214.93,-69.36,13.568,1.0,34072.0,333.917
194,0,GRB170210116,n2,226.05,-65.1,76.545,1.0,36915.0,362.301
236,0,GRB141016897,n6,221.45,-62.49,17.405,1.0,2117.0,14.878
99,1,GRB100517639,n4,52.73,-71.87,5.44,1.0,0.0,
135,0,GRB140110411,n0,50.64,-69.29,0.768,0.1,132641.0,212.75
151,0,GRB110316139,n3,46.7,-67.58,2.944,1.0,9286.0,106.855
163,0,GRB090819607,n7,49.08,-67.12,0.192,0.1,123953.0,270.91
173,0,GRB151003729,n4,60.34,-66.37,44.032,1.0,15223.0,179.395
184,0,GRB101011707,n8,48.3,-65.9,36.352,1.0,9118.0,104.802
191,0,GRB170827818,n1,48.79,-65.38,0.832,0.1,132237.0,215.455
100,1,GRB090802666,nb,267.02,-71.77,27.52,1.0,0.0,
148,0,GRB180906759,n6,270.12,-67.67,13.309,1.0,4102.0,20.842
149,0,GRB100605774,n6,273.43,-67.6,8.192,1.0,2827.0,11.724
179,0,GRB220124074,n0,274.51,-66.17,53.76,1.0,2340.0,8.241
193,0,GRB201217108,n4,273.28,-65.13,37.121,1.0,2622.0,10.258
208,0,GRB170126480,n9,263.63,-64.76,13.824,1.0,7573.0,45.666
213,0,GRB101213849,n3,260.99,-64.51,5.12,1.0,3985.0,20.006
219,0,GRB140612294,n7,267.38,-64.11,38.913,1.0,2946.0,12.575
101,1,GRB110618366,n2,176.81,-71.69,163.843,1.0,0.0,
103,0,GRB190906767,n4,171.84,-71.57,23.04,1.0,11059.0,25.986
167,0,GRB181128751,n6,182.82,-66.74,17.664,1.0,16921.0,49.37
210,0,GRB180113418,n1,174.63,-64.74,24.576,1.0,75497.0,283.029
102,1,GRB090516137,n7,122.2,-71.62,110.594,1.0,0.0,
130,0,GRB210520797,n0,123.0,-69.4,56.065,1.0,8694.0,24.728
139,0,GRB130420422,na,117.06,-69.03,27.328,1.0,6345.0,14.099
140,0,GRB081226044,n2,120.5,-69.0,0.832,0.1,226676.0,2678.953
158,0,GRB180723133,n0,130.03,-67.15,3.072,1.0,16474.0,59.931
171,0,GRB111107035,n8,129.48,-66.52,12.032,1.0,6322.0,13.995
103,1,GRB190906767,n4,171.84,-71.57,23.04,1.0,0.0,
157,0,GRB150404733,n8,165.91,-67.37,4.864,1.0,1068.0,0.329
210,0,GRB180113418,n1,174.63,-64.74,24.576,1.0,63666.0,510.498
104,1,GRB210501205,n9,357.84,-71.3,8.192,1.0,0.0,
165,0,GRB131118958,n2,349.86,-66.83,85.249,1.0,37458.0,389.928
176,0,GRB090926181,n7,353.4,-66.32,13.76,1.0,83711.0,879.997
257,0,GRB150206285,n2,357.94,-61.61,23.296,1.0,9052.0,88.955
105,1,GRB190507712,n7,86.22,-61.88,0.096,0.1,0.0,
122,0,GRB100429999,n7,89.09,-69.96,25.024,1.0,169232.0,2142.226
215,0,GRB150805445,n2,95.76,-64.33,45.825,1.0,195049.0,2471.786
217,0,GRB190407575,n0,90.53,-64.14,58.88,1.0,197133.0,2498.388
231,0,GRB180602938,n0,86.05,-62.78,0.008,0.1,1327.0,1.194
237,0,GRB090717034,n2,92.41,-62.48,65.537,1.0,198122.0,2511.013
261,0,GRB211124104,n7,94.97,-61.43,0.512,0.1,5308.0,52.848
274,0,GRB200630076,n9,91.38,-60.79,7.168,1.0,188242.0,2384.893
280,0,GRB081121858,nb,89.3,-60.6,41.985,1.0,195611.0,2478.96
322,0,GRB150301818,n6,89.16,-57.98,13.312,1.0,196571.0,2491.214
328,0,GRB201120442,n9,78.16,-57.7,3.136,1.0,248990.0,3160.354
369,0,GRB121112806,n9,78.98,-55.44,1.28,0.1,1956.0,7.345
106,1,GRB130320560,n9,195.54,-71.26,340.992,1.0,0.0,
143,0,GRB160716144,n9,189.61,-68.04,28.928,1.0,67302.0,151.081
107,1,GRB201104001,n7,81.4,-71.1,52.48,1.0,0.0,
122,0,GRB100429999,n7,89.09,-69.96,25.024,1.0,24872.0,123.986
231,0,GRB180602938,n0,86.05,-62.78,0.008,0.1,250142.0,1824.67
108,1,GRB120711115,n2,94.69,-71.0,44.033,1.0,0.0,
122,0,GRB100429999,n7,89.09,-69.96,25.024,1.0,11027.0,62.172
125,0,GRB080905570,n8,96.9,-69.8,26.624,1.0,2387.0,5.255
207,0,GRB120921877,n4,96.42,-64.77,5.632,1.0,5144.0,23.417
215,0,GRB150805445,n2,95.76,-64.33,45.825,1.0,3976.0,15.723
217,0,GRB190407575,n0,90.53,-64.14,58.88,1.0,6624.0,33.167
237,0,GRB090717034,n2,92.41,-62.48,65.537,1.0,12406.0,71.257
261,0,GRB211124104,n7,94.97,-61.43,0.512,0.1,218855.0,1570.442
109,1,GRB190814837,n9,60.41,-60.34,9.984,1.0,0.0,
173,0,GRB151003729,n4,60.34,-66.37,44.032,1.0,2778.0,16.669
204,0,GRB190903722,n8,62.43,-64.86,0.272,0.1,258651.0,546.051
230,0,GRB131030653,n7,61.45,-62.8,53.248,1.0,31619.0,263.418
234,0,GRB081204004,n1,63.3,-62.6,7.424,1.0,10919.0,86.319
239,0,GRB110521478,n2,57.54,-62.34,6.141,1.0,8260.0,63.57
258,0,GRB151231443,nb,65.63,-61.54,71.425,1.0,20274.0,166.356
292,0,GRB150827785,n0,68.3,-60.0,10.496,1.0,9866.0,77.311
294,0,GRB200901158,n2,61.76,-59.88,10.176,1.0,2632.0,15.42
298,0,GRB200126466,n3,59.47,-59.62,0.768,0.1,263043.0,524.753
309,0,GRB180412425,n6,62.32,-59.01,20.992,1.0,8900.0,69.046
315,0,GRB120210650,n0,54.65,-58.52,1.344,0.1,276523.0,459.382
339,0,GRB150702998,n4,52.78,-57.0,45.825,1.0,19736.0,161.753
351,0,GRB120316008,n0,57.02,-56.29,26.624,1.0,11234.0,89.014
378,0,GRB081129161,na,63.2,-54.9,62.657,1.0,9888.0,77.499
110,1,GRB090927422,na,343.95,-70.98,0.512,0.1,0.0,
116,0,GRB130505955,n8,344.47,-70.47,50.241,1.0,231569.0,2645.186
147,0,GRB090719063,n8,341.27,-67.86,11.392,1.0,251961.0,2879.743
165,0,GRB131118958,n2,349.86,-66.83,85.249,1.0,261915.0,2994.237
166,0,GRB170323775,n9,348.83,-66.81,35.328,1.0,158172.0,1800.946
178,0,GRB150628767,n7,347.02,-66.18,0.64,0.1,3558.0,21.959
223,0,GRB170127067,n4,339.33,-63.94,0.128,0.1,2571.0,10.918
224,0,GRB140508179,n8,350.53,-63.78,19.456,1.0,222226.0,2537.719
226,0,GRB180727594,n9,346.66,-63.05,0.896,0.1,2189.0,6.645
111,1,GRB180801492,n0,3.38,-70.68,7.424,1.0,0.0,
164,0,GRB180703876,n7,6.54,-67.1,20.736,1.0,3087.0,22.75
182,0,GRB180723757,n8,7.84,-66.11,19.712,1.0,21062.0,193.595
186,0,GRB090625560,n8,2.26,-65.78,13.056,1.0,2870.0,20.688
216,0,GRB181128129,n3,10.27,-64.3,1.728,0.1,204554.0,264.367
256,0,GRB150228981,n6,7.55,-61.73,36.609,1.0,5731.0,47.88
112,1,GRB171212434,n0,39.44,-70.62,32.001,1.0,0.0,
151,0,GRB110316139,n3,46.7,-67.58,2.944,1.0,4017.0,18.554
214,0,GRB211216282,n9,44.36,-64.35,20.224,1.0,3296.0,13.541
225,0,GRB130523198,n6,39.49,-63.07,5.376,1.0,7647.0,43.792
243,0,GRB180625941,n4,39.13,-62.31,0.704,0.1,193309.0,1093.028
244,0,GRB170906485,n0,34.86,-62.28,45.568,1.0,3831.0,17.261
113,1,GRB140616165,n0,104.94,-70.51,0.512,0.1,0.0,
125,0,GRB080905570,n8,96.9,-69.8,26.624,1.0,241276.0,4352.2
133,0,GRB170625692,n6,106.7,-69.35,22.784,1.0,186287.0,3357.393
134,0,GRB180804931,n8,109.36,-69.32,18.432,1.0,245336.0,4425.649
168,0,GRB181208188,n0,104.11,-66.66,62.465,1.0,337616.0,6095.089
188,0,GRB120426090,na,111.54,-65.63,2.688,1.0,258295.0,4660.091
205,0,GRB190804058,n4,108.02,-64.86,4.224,1.0,202934.0,3658.554
114,1,GRB210727410,n0,189.23,-59.93,1.088,0.1,0.0,
119,0,GRB190828614,n1,191.23,-58.77,19.968,1.0,199592.0,2513.862
138,0,GRB190422670,nb,189.23,-54.95,20.736,1.0,247242.0,3118.488
143,0,GRB160716144,n9,189.61,-68.04,28.928,1.0,175868.0,2212.83
167,0,GRB181128751,n6,182.82,-66.74,17.664,1.0,183364.0,2307.946
260,0,GRB180822562,n0,185.25,-61.49,152.003,1.0,224660.0,2831.947
266,0,GRB211107848,n4,183.42,-61.22,8.384,1.0,257219.0,3245.085
284,0,GRB190422957,n8,182.12,-60.24,213.252,1.0,220087.0,2773.921
287,0,GRB080714745,n5,188.1,-60.2,59.649,1.0,216623.0,2729.966
291,0,GRB160912350,n7,183.29,-60.04,32.705,1.0,229452.0,2892.752
296,0,GRB190119249,n3,192.24,-59.82,34.304,1.0,238073.0,3002.143
310,0,GRB130816074,n6,197.14,-58.95,36.864,1.0,206177.0,2597.418
344,0,GRB111009282,n1,183.04,-56.82,20.736,1.0,221542.0,2792.383
375,0,GRB120510900,nb,186.93,-55.24,62.465,1.0,260248.0,3283.52
407,0,GRB200714344,n8,190.43,-53.95,0.96,0.1,3506.0,25.531
418,0,GRB110930564,n5,187.31,-53.66,37.889,1.0,233085.0,2938.851
115,1,GRB090606471,na,146.94,-70.49,8.064,1.0,0.0,
117,0,GRB200120962,na,137.13,-70.44,12.8,1.0,5767.0,43.729
121,0,GRB080717543,n2,147.3,-70.0,36.608,1.0,19905.0,166.782
142,0,GRB090411838,n1,156.0,-68.9,21.501,1.0,12370.0,101.199
153,0,GRB081006604,n6,142.0,-67.4,6.4,1.0,11577.0,94.297
202,0,GRB210317381,n2,154.22,-64.94,46.337,1.0,16536.0,137.459
209,0,GRB090711850,n0,139.61,-64.74,51.969,1.0,19136.0,160.088
248,0,GRB150802127,n5,151.53,-62.08,313.093,1.0,72125.0,621.288
116,1,GRB130505955,n8,344.47,-70.47,50.241,1.0,0.0,
147,0,GRB090719063,n8,341.27,-67.86,11.392,1.0,29095.0,169.185
165,0,GRB131118958,n2,349.86,-66.83,85.249,1.0,10469.0,53.587
166,0,GRB170323775,n9,348.83,-66.81,35.328,1.0,22772.0,129.943
176,0,GRB090926181,n7,353.4,-66.32,13.76,1.0,73180.0,442.79
178,0,GRB150628767,n7,347.02,-66.18,0.64,0.1,238546.0,1745.605
223,0,GRB170127067,n4,339.33,-63.94,0.128,0.1,224733.0,1791.047
224,0,GRB140508179,n8,350.53,-63.78,19.456,1.0,2615.0,4.843
226,0,GRB180727594,n9,346.66,-63.05,0.896,0.1,237417.0,1749.319
117,1,GRB200120962,na,137.13,-70.44,12.8,1.0,0.0,
123,0,GRB180630335,n0,133.07,-69.94,48.896,1.0,4347.0,31.189
153,0,GRB081006604,n6,142.0,-67.4,6.4,1.0,5611.0,42.518
158,0,GRB180723133,n0,130.03,-67.15,3.072,1.0,8810.0,71.189
171,0,GRB111107035,n8,129.48,-66.52,12.032,1.0,2922.0,18.417
209,0,GRB090711850,n0,139.61,-64.74,51.969,1.0,4868.0,35.859
264,0,GRB120119229,n0,139.65,-61.33,41.728,1.0,6272.0,48.442
118,1,GRB191111547,n3,239.41,-70.42,158.212,1.0,0.0,
120,0,GRB171020813,n4,234.6,-70.16,19.2,1.0,10353.0,24.943
124,0,GRB120107384,n7,246.4,-69.93,23.04,1.0,8365.0,16.742
212,0,GRB081225257,n1,234.1,-64.6,41.217,1.0,10383.0,25.067
119,1,GRB190828614,n1,191.23,-58.77,19.968,1.0,0.0,
138,0,GRB190422670,nb,189.23,-54.95,20.736,1.0,14599.0,99.432
143,0,GRB160716144,n9,189.61,-68.04,28.928,1.0,14532.0,98.938
154,0,GRB200714774,na,196.87,-51.64,20.736,1.0,18880.0,130.994
260,0,GRB180822562,n0,185.25,-61.49,152.003,1.0,15826.0,108.478
266,0,GRB211107848,n4,183.42,-61.22,8.384,1.0,14036.0,95.282
275,0,GRB091231206,n3,199.36,-60.7,42.561,1.0,14470.0,98.481
284,0,GRB190422957,n8,182.12,-60.24,213.252,1.0,17323.0,119.515
287,0,GRB080714745,n5,188.1,-60.2,59.649,1.0,10026.0,65.718
291,0,GRB160912350,n7,183.29,-60.04,32.705,1.0,10134.0,66.514
296,0,GRB190119249,n3,192.24,-59.82,34.304,1.0,15231.0,104.092
310,0,GRB130816074,n6,197.14,-58.95,36.864,1.0,14237.0,96.763
344,0,GRB111009282,n1,183.04,-56.82,20.736,1.0,4983.0,28.538
375,0,GRB120510900,nb,186.93,-55.24,62.465,1.0,16948.0,116.75
389,0,GRB210805002,n9,198.32,-54.48,0.832,0.1,196128.0,637.122
403,0,GRB171029020,n5,198.24,-54.25,19.712,1.0,16958.0,116.824
407,0,GRB200714344,n8,190.43,-53.95,0.96,0.1,203706.0,605.428
418,0,GRB110930564,n5,187.31,-53.66,37.889,1.0,13102.0,88.396
433,0,GRB120521380,na,197.02,-52.74,91.134,1.0,18388.0,127.367
120,1,GRB171020813,n4,234.6,-70.16,19.2,1.0,0.0,
194,0,GRB170210116,n2,226.05,-65.1,76.545,1.0,38957.0,297.277
212,0,GRB081225257,n1,234.1,-64.6,41.217,1.0,6863.0,45.877
121,1,GRB080717543,n2,147.3,-70.0,36.608,1.0,0.0,
142,0,GRB090411838,n1,156.0,-68.9,21.501,1.0,2937.0,12.417
153,0,GRB081006604,n6,142.0,-67.4,6.4,1.0,1169.0,0.938
202,0,GRB210317381,n2,154.22,-64.94,46.337,1.0,4926.0,27.443
209,0,GRB090711850,n0,139.61,-64.74,51.969,1.0,3650.0,17.804
238,0,GRB121217313,n9,153.71,-62.35,828.672,1.0,402203.0,3028.551
248,0,GRB150802127,n5,151.53,-62.08,313.093,1.0,16785.0,117.028
122,1,GRB100429999,n7,89.09,-69.96,25.024,1.0,0.0,
125,0,GRB080905570,n8,96.9,-69.8,26.624,1.0,13806.0,108.094
207,0,GRB120921877,n4,96.42,-64.77,5.632,1.0,3805.0,23.602
215,0,GRB150805445,n2,95.76,-64.33,45.825,1.0,5869.0,41.039
217,0,GRB190407575,n0,90.53,-64.14,58.88,1.0,5663.0,39.299
231,0,GRB180602938,n0,86.05,-62.78,0.008,0.1,169696.0,957.429
237,0,GRB090717034,n2,92.41,-62.48,65.537,1.0,14906.0,117.388
274,0,GRB200630076,n9,91.38,-60.79,7.168,1.0,3107.0,17.705
280,0,GRB081121858,nb,89.3,-60.6,41.985,1.0,6130.0,43.244
123,1,GRB180630335,n0,133.07,-69.94,48.896,1.0,0.0,
153,0,GRB081006604,n6,142.0,-67.4,6.4,1.0,2378.0,5.145
158,0,GRB180723133,n0,130.03,-67.15,3.072,1.0,5198.0,23.607
171,0,GRB111107035,n8,129.48,-66.52,12.032,1.0,1573.0,0.125
209,0,GRB090711850,n0,139.61,-64.74,51.969,1.0,2603.0,6.618
282,0,GRB130730243,n6,133.75,-60.36,27.904,1.0,2676.0,7.096
124,1,GRB120107384,n7,246.4,-69.93,23.04,1.0,0.0,
129,0,GRB140322424,n8,250.3,-69.45,10.496,1.0,4412.0,25.096
192,0,GRB161105417,n1,249.25,-65.22,41.473,1.0,15098.0,107.812
199,0,GRB090602564,na,248.94,-65.02,20.736,1.0,7748.0,50.919
270,0,GRB210621447,na,248.31,-61.07,15.616,1.0,2953.0,13.803
125,1,GRB080905570,n8,96.9,-69.8,26.624,1.0,0.0,
133,0,GRB170625692,n6,106.7,-69.35,22.784,1.0,13759.0,91.789
168,0,GRB181208188,n0,104.11,-66.66,62.465,1.0,26825.0,187.355
207,0,GRB120921877,n4,96.42,-64.77,5.632,1.0,5088.0,28.369
215,0,GRB150805445,n2,95.76,-64.33,45.825,1.0,5423.0,30.819
217,0,GRB190407575,n0,90.53,-64.14,58.88,1.0,8872.0,56.045
237,0,GRB090717034,n2,92.41,-62.48,65.537,1.0,12237.0,80.657
261,0,GRB211124104,n7,94.97,-61.43,0.512,0.1,222512.0,1121.613
289,0,GRB130701060,na,97.79,-60.13,20.224,1.0,2738.0,11.181
126,1,GRB131204937,n9,309.67,-69.67,29.952,1.0,0.0,
162,0,GRB100719311,n1,304.87,-67.14,1.6,0.1,189844.0,1114.737
181,0,GRB120919816,n7,303.53,-66.16,20.48,1.0,9040.0,62.276
187,0,GRB160303971,n6,302.2,-65.68,27.136,1.0,2260.0,8.431
190,0,GRB101023951,n5,317.97,-65.39,76.801,1.0,65074.0,507.288
203,0,GRB150826557,n9,317.97,-64.94,33.024,1.0,15657.0,114.827
222,0,GRB110818860,nb,317.34,-63.98,67.073,1.0,9642.0,67.057
232,0,GRB150403913,n3,311.5,-62.71,22.272,1.0,25357.0,191.863
251,0,GRB141013803,na,315.06,-61.89,82.432,1.0,4545.0,26.578
127,1,GRB130327350,n1,218.09,-69.51,31.233,1.0,0.0,
131,0,GRB150902733,n3,214.93,-69.36,13.568,1.0,30123.0,175.354
141,0,GRB171024977,n6,210.53,-68.91,35.072,1.0,22804.0,130.418
152,0,GRB191220589,n4,211.77,-67.51,27.905,1.0,10273.0,53.482
194,0,GRB170210116,n2,226.05,-65.1,76.545,1.0,27485.0,159.157
201,0,GRB110411629,n8,210.3,-64.99,23.552,1.0,12451.0,66.854
211,0,GRB091017985,n0,214.4,-64.74,44.8,1.0,20421.0,115.787
236,0,GRB141016897,n6,221.45,-62.49,17.405,1.0,8458.0,42.338
250,0,GRB170912273,n9,215.46,-62.0,13.568,1.0,9605.0,49.38
252,0,GRB170727841,n9,218.85,-61.84,19.2,1.0,17278.0,96.49
128,1,GRB090725838,n8,281.88,-69.49,13.76,1.0,0.0,
149,0,GRB100605774,n6,273.43,-67.6,8.192,1.0,3311.0,20.44
179,0,GRB220124074,n0,274.51,-66.17,53.76,1.0,2885.0,16.87
193,0,GRB201217108,n4,273.28,-65.13,37.121,1.0,2689.0,15.227
200,0,GRB180528371,n7,284.67,-65.02,16.896,1.0,5706.0,40.513
241,0,GRB111003465,n3,276.76,-62.32,16.64,1.0,10002.0,76.519
245,0,GRB110929187,n9,288.19,-62.21,5.12,1.0,1616.0,6.234
253,0,GRB210119121,n0,282.8,-61.8,0.048,0.1,233356.0,737.174
277,0,GRB161106786,n1,284.53,-60.65,12.544,1.0,1361.0,4.097
129,1,GRB140322424,n8,250.3,-69.45,10.496,1.0,0.0,
192,0,GRB161105417,n1,249.25,-65.22,41.473,1.0,8318.0,67.111
199,0,GRB090602564,na,248.94,-65.02,20.736,1.0,3292.0,22.117
270,0,GRB210621447,na,248.31,-61.07,15.616,1.0,3128.0,20.649
278,0,GRB161110179,n1,254.91,-60.62,1.792,0.1,243825.0,453.727
130,1,GRB210520797,n0,123.0,-69.4,56.065,1.0,0.0,
139,0,GRB130420422,na,117.06,-69.03,27.328,1.0,2285.0,2.786
140,0,GRB081226044,n2,120.5,-69.0,0.832,0.1,203339.0,1782.31
158,0,GRB180723133,n0,130.03,-67.15,3.072,1.0,5089.0,20.048
171,0,GRB111107035,n8,129.48,-66.52,12.032,1.0,2506.0,4.146
269,0,GRB120304061,n7,127.15,-61.12,9.984,1.0,8720.0,42.402
131,1,GRB150902733,n3,214.93,-69.36,13.568,1.0,0.0,
141,0,GRB171024977,n6,210.53,-68.91,35.072,1.0,42953.0,246.169
152,0,GRB191220589,n4,211.77,-67.51,27.905,1.0,23815.0,133.357
201,0,GRB110411629,n8,210.3,-64.99,23.552,1.0,29727.0,168.206
211,0,GRB091017985,n0,214.4,-64.74,44.8,1.0,42775.0,245.12
236,0,GRB141016897,n6,221.45,-62.49,17.405,1.0,36677.0,209.174
250,0,GRB170912273,n9,215.46,-62.0,13.568,1.0,23196.0,129.708
252,0,GRB170727841,n9,218.85,-61.84,19.2,1.0,36352.0,207.258
262,0,GRB140115863,n4,210.03,-61.41,14.909,1.0,32490.0,184.493
132,1,GRB200223814,n1,248.39,-55.79,65.281,1.0,0.0,
145,0,GRB211104765,n1,247.68,-52.34,39.681,1.0,3224.0,5.473
192,0,GRB161105417,n1,249.25,-65.22,41.473,1.0,10745.0,45.962
199,0,GRB090602564,na,248.94,-65.02,20.736,1.0,3188.0,5.279
270,0,GRB210621447,na,248.31,-61.07,15.616,1.0,8071.0,31.567
278,0,GRB161110179,n1,254.91,-60.62,1.792,0.1,259406.0,2145.649
337,0,GRB110801335,na,248.27,-57.06,0.384,0.1,239948.0,2204.067
348,0,GRB100825287,na,253.44,-56.57,3.328,1.0,6683.0,24.094
376,0,GRB130228212,na,240.75,-55.21,15.677,1.0,8758.0,35.265
406,0,GRB180728728,n6,253.57,-54.03,6.4,1.0,63356.0,329.192
414,0,GRB150913161,n6,241.05,-53.79,20.992,1.0,5525.0,17.86
452,0,GRB160909061,n9,242.68,-51.16,18.432,1.0,3155.0,5.102
500,0,GRB100424729,n8,246.72,-48.85,175.363,1.0,6719.0,24.288
503,0,GRB150301045,n4,244.29,-48.7,0.416,0.1,243096.0,2194.616
507,0,GRB200207058,n4,244.09,-48.3,15.616,1.0,4414.0,11.879
508,0,GRB130919985,n5,242.22,-48.29,17.408,1.0,27280.0,134.978
528,0,GRB120801920,n4,245.73,-47.37,479.239,1.0,271670.0,1450.647
133,1,GRB170625692,n6,106.7,-69.35,22.784,1.0,0.0,
134,0,GRB180804931,n8,109.36,-69.32,18.432,1.0,14061.0,117.866
168,0,GRB181208188,n0,104.11,-66.66,62.465,1.0,64046.0,567.133
188,0,GRB120426090,na,111.54,-65.63,2.688,1.0,26205.0,227.016
205,0,GRB190804058,n4,108.02,-64.86,4.224,1.0,1860.0,8.203
288,0,GRB140716436,n4,108.17,-60.18,168.253,1.0,8089.0,64.189
134,1,GRB180804931,n8,109.36,-69.32,18.432,1.0,0.0,
139,0,GRB130420422,na,117.06,-69.03,27.328,1.0,3977.0,21.868
168,0,GRB181208188,n0,104.11,-66.66,62.465,1.0,20306.0,143.332
188,0,GRB120426090,na,111.54,-65.63,2.688,1.0,15368.0,106.6
205,0,GRB190804058,n4,108.02,-64.86,4.224,1.0,7823.0,50.477
240,0,GRB191031780,n6,115.86,-62.34,77.825,1.0,6008.0,36.976
247,0,GRB160528276,n2,114.5,-62.11,7.168,1.0,8168.0,53.043
288,0,GRB140716436,n4,108.17,-60.18,168.253,1.0,26314.0,188.022
135,1,GRB140110411,n0,50.64,-69.29,0.768,0.1,0.0,
151,0,GRB110316139,n3,46.7,-67.58,2.944,1.0,222698.0,2949.205
163,0,GRB090819607,n7,49.08,-67.12,0.192,0.1,3103.0,22.889
184,0,GRB101011707,n8,48.3,-65.9,36.352,1.0,217223.0,2876.248
191,0,GRB170827818,n1,48.79,-65.38,0.832,0.1,1480.0,1.377
214,0,GRB211216282,n9,44.36,-64.35,20.224,1.0,185244.0,2450.112
239,0,GRB110521478,n2,57.54,-62.34,6.141,1.0,203607.0,2694.808
136,1,GRB130218261,na,69.31,-69.13,37.121,1.0,0.0,
144,0,GRB210126417,n1,70.68,-67.94,61.441,1.0,28625.0,170.409
173,0,GRB151003729,n4,60.34,-66.37,44.032,1.0,3661.0,13.311
198,0,GRB090924625,n9,69.73,-65.02,0.352,0.1,241362.0,1452.777
204,0,GRB190903722,n8,62.43,-64.86,0.272,0.1,239878.0,1458.104
227,0,GRB131105087,n7,71.01,-62.98,112.642,1.0,36239.0,218.324
234,0,GRB081204004,n1,63.3,-62.6,7.424,1.0,9145.0,47.822
258,0,GRB151231443,nb,65.63,-61.54,71.425,1.0,15452.0,87.512
273,0,GRB150514774,n3,74.85,-60.91,10.813,1.0,8413.0,43.215
292,0,GRB150827785,n0,68.3,-60.0,10.496,1.0,8787.0,45.569
137,1,GRB090213236,n6,330.6,-55.0,20.224,1.0,0.0,
326,0,GRB140330180,n0,328.07,-57.74,34.049,1.0,3607.0,24.28
336,0,GRB110319815,n5,325.57,-57.11,31.232,1.0,1376.0,4.05
340,0,GRB080916406,n8,336.3,-57.0,46.337,1.0,6216.0,47.938
341,0,GRB131028096,n8,333.4,-56.94,14.336,1.0,6571.0,51.157
388,0,GRB081109293,n2,330.8,-54.7,58.369,1.0,31020.0,272.851
404,0,GRB120117291,n2,339.01,-54.25,3.328,1.0,2984.0,18.631
427,0,GRB080804972,n7,328.7,-53.2,24.704,1.0,5327.0,39.877
551,0,GRB110125894,n0,331.35,-46.21,4.8,1.0,1959.0,9.337
138,1,GRB190422670,nb,189.23,-54.95,20.736,1.0,0.0,
154,0,GRB200714774,na,196.87,-51.64,20.736,1.0,21486.0,161.79
260,0,GRB180822562,n0,185.25,-61.49,152.003,1.0,18125.0,135.15
266,0,GRB211107848,n4,183.42,-61.22,8.384,1.0,1504.0,3.408
284,0,GRB190422957,n8,182.12,-60.24,213.252,1.0,51459.0,399.363
287,0,GRB080714745,n5,188.1,-60.2,59.649,1.0,7432.0,50.395
291,0,GRB160912350,n7,183.29,-60.04,32.705,1.0,3183.0,16.716
296,0,GRB190119249,n3,192.24,-59.82,34.304,1.0,2119.0,8.283
310,0,GRB130816074,n6,197.14,-58.95,36.864,1.0,10027.0,70.963
344,0,GRB111009282,n1,183.04,-56.82,20.736,1.0,13538.0,98.792
375,0,GRB120510900,nb,186.93,-55.24,62.465,1.0,2441.0,10.835
389,0,GRB210805002,n9,198.32,-54.48,0.832,0.1,243178.0,968.76
403,0,GRB171029020,n5,198.24,-54.25,19.712,1.0,6859.0,45.853
407,0,GRB200714344,n8,190.43,-53.95,0.96,0.1,251056.0,934.411
418,0,GRB110930564,n5,187.31,-53.66,37.889,1.0,2235.0,9.202
433,0,GRB120521380,na,197.02,-52.74,91.134,1.0,2772.0,13.458
538,0,GRB170115743,n1,189.12,-46.85,44.288,1.0,19025.0,142.283
139,1,GRB130420422,na,117.06,-69.03,27.328,1.0,0.0,
140,0,GRB081226044,n2,120.5,-69.0,0.832,0.1,204103.0,1114.278
188,0,GRB120426090,na,111.54,-65.63,2.688,1.0,18979.0,140.295
205,0,GRB190804058,n4,108.02,-64.86,4.224,1.0,2613.0,11.492
240,0,GRB191031780,n6,115.86,-62.34,77.825,1.0,3443.0,18.024
247,0,GRB160528276,n2,114.5,-62.11,7.168,1.0,2130.0,7.691
140,1,GRB081226044,n2,120.5,-69.0,0.832,0.1,0.0,
158,0,GRB180723133,n0,130.03,-67.15,3.072,1.0,167332.0,1933.8
171,0,GRB111107035,n8,129.48,-66.52,12.032,1.0,207502.0,2402.588
188,0,GRB120426090,na,111.54,-65.63,2.688,1.0,244985.0,2840.018
240,0,GRB191031780,n6,115.86,-62.34,77.825,1.0,215563.0,2496.661
247,0,GRB160528276,n2,114.5,-62.11,7.168,1.0,186148.0,2153.385
141,1,GRB171024977,n6,210.53,-68.91,35.072,1.0,0.0,
152,0,GRB191220589,n4,211.77,-67.51,27.905,1.0,22024.0,158.355
201,0,GRB110411629,n8,210.3,-64.99,23.552,1.0,15608.0,109.372
211,0,GRB091017985,n0,214.4,-64.74,44.8,1.0,1653.0,2.831
250,0,GRB170912273,n9,215.46,-62.0,13.568,1.0,17209.0,121.595
254,0,GRB170112970,n0,207.76,-61.77,7.36,1.0,1868.0,4.472
262,0,GRB140115863,n4,210.03,-61.41,14.909,1.0,4897.0,27.598
142,1,GRB090411838,n1,156.0,-68.9,21.501,1.0,0.0,
202,0,GRB210317381,n2,154.22,-64.94,46.337,1.0,4431.0,27.246
221,0,GRB150204272,n7,160.24,-64.04,11.008,1.0,2971.0,15.506
238,0,GRB121217313,n9,153.71,-62.35,828.672,1.0,384515.0,3083.518
248,0,GRB150802127,n5,151.53,-62.08,313.093,1.0,14358.0,107.07
249,0,GRB130406288,n9,157.78,-62.05,7.936,1.0,10917.0,79.4
265,0,GRB080719529,n6,153.2,-61.3,16.128,1.0,7749.0,53.926
143,1,GRB160716144,n9,189.61,-68.04,28.928,1.0,0.0,
167,0,GRB181128751,n6,182.82,-66.74,17.664,1.0,1813.0,5.534
260,0,GRB180822562,n0,185.25,-61.49,152.003,1.0,11945.0,88.778
266,0,GRB211107848,n4,183.42,-61.22,8.384,1.0,15741.0,119.966
287,0,GRB080714745,n5,188.1,-60.2,59.649,1.0,7453.0,51.872
296,0,GRB190119249,n3,192.24,-59.82,34.304,1.0,13806.0,104.068
144,1,GRB210126417,n1,70.68,-67.94,61.441,1.0,0.0,
198,0,GRB090924625,n9,69.73,-65.02,0.352,0.1,163335.0,1726.323
204,0,GRB190903722,n8,62.43,-64.86,0.272,0.1,162242.0,1730.325
227,0,GRB131105087,n7,71.01,-62.98,112.642,1.0,11729.0,64.263
234,0,GRB081204004,n1,63.3,-62.6,7.424,1.0,4950.0,20.397
258,0,GRB151231443,nb,65.63,-61.54,71.425,1.0,31289.0,190.833
273,0,GRB150514774,n3,74.85,-60.91,10.813,1.0,21262.0,125.949
290,0,GRB130617564,n2,74.73,-60.06,0.768,0.1,169177.0,1704.931
292,0,GRB150827785,n0,68.3,-60.0,10.496,1.0,8228.0,41.608
145,1,GRB211104765,n1,247.68,-52.34,39.681,1.0,0.0,
270,0,GRB210621447,na,248.31,-61.07,15.616,1.0,4491.0,19.009
337,0,GRB110801335,na,248.27,-57.06,0.384,0.1,225851.0,1523.193
348,0,GRB100825287,na,253.44,-56.57,3.328,1.0,8577.0,45.255
376,0,GRB130228212,na,240.75,-55.21,15.677,1.0,8911.0,47.4
406,0,GRB180728728,n6,253.57,-54.03,6.4,1.0,62547.0,391.923
414,0,GRB150913161,n6,241.05,-53.79,20.992,1.0,5360.0,24.591
452,0,GRB160909061,n9,242.68,-51.16,18.432,1.0,1975.0,2.848
478,0,GRB121205507,n0,238.59,-49.71,2.816,1.0,1948.0,2.675
500,0,GRB100424729,n8,246.72,-48.85,175.363,1.0,11006.0,60.857
503,0,GRB150301045,n4,244.29,-48.7,0.416,0.1,228949.0,1512.201
507,0,GRB200207058,n4,244.09,-48.3,15.616,1.0,4246.0,17.435
508,0,GRB130919985,n5,242.22,-48.29,17.408,1.0,16301.0,94.869
520,0,GRB080815917,na,240.9,-47.8,0.832,0.1,236743.0,1484.547
528,0,GRB120801920,n4,245.73,-47.37,479.239,1.0,249909.0,1595.415
568,0,GRB210801581,na,252.73,-45.8,13.824,1.0,52049.0,324.491
576,0,GRB220120619,n4,249.74,-45.55,1.28,0.1,235851.0,1487.712
586,0,GRB211109113,n6,252.76,-45.12,285.701,1.0,46700.0,290.132
603,0,GRB180201706,n0,251.32,-43.47,0.192,0.1,227739.0,1516.494
146,1,GRB200411187,n5,47.66,-52.32,1.44,0.1,0.0,
159,0,GRB210925056,na,47.99,-51.41,4.544,1.0,200050.0,2348.995
315,0,GRB120210650,n0,54.65,-58.52,1.344,0.1,3720.0,24.496
319,0,GRB160422499,n1,41.26,-58.22,12.288,1.0,239301.0,2813.578
339,0,GRB150702998,n4,52.78,-57.0,45.825,1.0,189846.0,2228.218
358,0,GRB140928437,na,43.7,-55.93,17.92,1.0,193253.0,2268.544
439,0,GRB150508945,n3,45.93,-52.45,113.92,1.0,221859.0,2607.131
443,0,GRB120420249,n2,47.89,-52.19,25.6,1.0,216244.0,2540.67
472,0,GRB180404091,n3,53.4,-50.22,80.897,1.0,249049.0,2928.957
513,0,GRB180605458,n1,47.51,-48.02,24.064,1.0,232164.0,2729.103
515,0,GRB100204024,n9,50.78,-47.89,49.665,1.0,210101.0,2467.96
516,0,GRB180611145,n1,51.61,-47.86,8.96,1.0,193117.0,2266.934
530,0,GRB190324947,n6,49.58,-47.24,26.881,1.0,218123.0,2562.91
531,0,GRB161119633,n9,47.19,-47.21,77.824,1.0,232219.0,2729.754
147,1,GRB090719063,n8,341.27,-67.86,11.392,1.0,0.0,
165,0,GRB131118958,n2,349.86,-66.83,85.249,1.0,30963.0,189.657
166,0,GRB170323775,n9,348.83,-66.81,35.328,1.0,45789.0,283.896
178,0,GRB150628767,n7,347.02,-66.18,0.64,0.1,258918.0,290.4
223,0,GRB170127067,n4,339.33,-63.94,0.128,0.1,245205.0,341.032
226,0,GRB180727594,n9,346.66,-63.05,0.896,0.1,257749.0,294.716
259,0,GRB171025913,n9,338.24,-61.52,7.936,1.0,32218.0,197.634
304,0,GRB200219317,n3,342.64,-59.12,1.152,0.1,261189.0,282.015
325,0,GRB150821406,n9,341.91,-57.89,103.426,1.0,40325.0,249.165
148,1,GRB180906759,n6,270.12,-67.67,13.309,1.0,0.0,
149,0,GRB100605774,n6,273.43,-67.6,8.192,1.0,2746.0,16.216
179,0,GRB220124074,n0,274.51,-66.17,53.76,1.0,7165.0,53.822
193,0,GRB201217108,n4,273.28,-65.13,37.121,1.0,3237.0,20.395
208,0,GRB170126480,n9,263.63,-64.76,13.824,1.0,8062.0,61.456
213,0,GRB101213849,n3,260.99,-64.51,5.12,1.0,1710.0,7.4
219,0,GRB140612294,n7,267.38,-64.11,38.913,1.0,3101.0,19.237
241,0,GRB111003465,n3,276.76,-62.32,16.64,1.0,4749.0,33.262
300,0,GRB120909070,n8,275.74,-59.45,112.066,1.0,23187.0,190.17
324,0,GRB090510325,nb,269.4,-57.9,7.424,1.0,4925.0,34.76
149,1,GRB100605774,n6,273.43,-67.6,8.192,1.0,0.0,
179,0,GRB220124074,n0,274.51,-66.17,53.76,1.0,4838.0,39.863
193,0,GRB201217108,n4,273.28,-65.13,37.121,1.0,3102.0,23.052
219,0,GRB140612294,n7,267.38,-64.11,38.913,1.0,1737.0,9.834
241,0,GRB111003465,n3,276.76,-62.32,16.64,1.0,10035.0,90.191
300,0,GRB120909070,n8,275.74,-59.45,112.066,1.0,23866.0,224.129
150,1,GRB201229639,n0,340.36,-52.04,77.826,1.0,0.0,
180,0,GRB210524208,n9,337.32,-47.05,20.992,1.0,11929.0,51.574
196,0,GRB210822273,nb,343.45,-46.3,18.624,1.0,9031.0,35.935
259,0,GRB171025913,n9,338.24,-61.52,7.936,1.0,12464.0,54.461
304,0,GRB200219317,n3,342.64,-59.12,1.152,0.1,187128.0,1929.509
325,0,GRB150821406,n9,341.91,-57.89,103.426,1.0,10581.0,44.299
340,0,GRB080916406,n8,336.3,-57.0,46.337,1.0,7455.0,27.43
341,0,GRB131028096,n8,333.4,-56.94,14.336,1.0,15230.0,69.388
342,0,GRB210123305,n2,345.12,-56.93,13.056,1.0,11712.0,50.403
357,0,GRB190726843,n8,342.68,-55.98,224.26,1.0,21986.0,105.848
388,0,GRB081109293,n2,330.8,-54.7,58.369,1.0,41755.0,212.534
404,0,GRB120117291,n2,339.01,-54.25,3.328,1.0,13002.0,57.365
425,0,GRB200623752,n9,343.08,-53.38,0.704,0.1,181700.0,1946.55
490,0,GRB201128746,n8,339.35,-49.25,11.264,1.0,12716.0,55.821
542,0,GRB120203812,n5,339.3,-46.59,10.24,1.0,6681.0,23.253
566,0,GRB110817191,n9,336.04,-45.84,5.949,1.0,31804.0,158.832
584,0,GRB170424425,n1,343.53,-45.2,53.249,1.0,13519.0,60.155
587,0,GRB200129409,n2,346.28,-44.97,0.112,0.1,181719.0,1946.49
151,1,GRB110316139,n3,46.7,-67.58,2.944,1.0,0.0,
163,0,GRB090819607,n7,49.08,-67.12,0.192,0.1,211352.0,177.633
184,0,GRB101011707,n8,48.3,-65.9,36.352,1.0,1929.0,15.28
191,0,GRB170827818,n1,48.79,-65.38,0.832,0.1,222737.0,107.833
214,0,GRB211216282,n9,44.36,-64.35,20.224,1.0,5469.0,55.093
225,0,GRB130523198,n6,39.49,-63.07,5.376,1.0,4123.0,39.955
243,0,GRB180625941,n4,39.13,-62.31,0.704,0.1,219322.0,128.77
152,1,GRB191220589,n4,211.77,-67.51,27.905,1.0,0.0,
201,0,GRB110411629,n8,210.3,-64.99,23.552,1.0,3982.0,16.4
211,0,GRB091017985,n0,214.4,-64.74,44.8,1.0,21162.0,124.633
250,0,GRB170912273,n9,215.46,-62.0,13.568,1.0,3166.0,11.259
252,0,GRB170727841,n9,218.85,-61.84,19.2,1.0,9682.0,52.31
254,0,GRB170112970,n0,207.76,-61.77,7.36,1.0,12164.0,67.946
262,0,GRB140115863,n4,210.03,-61.41,14.909,1.0,6534.0,32.477
153,1,GRB081006604,n6,142.0,-67.4,6.4,1.0,0.0,
209,0,GRB090711850,n0,139.61,-64.74,51.969,1.0,3715.0,34.474
264,0,GRB120119229,n0,139.65,-61.33,41.728,1.0,2443.0,20.244
321,0,GRB130206817,n6,140.37,-58.16,91.585,1.0,6515.0,65.798
154,1,GRB200714774,na,196.87,-51.64,20.736,1.0,0.0,
242,0,GRB200803703,n4,198.5,-42.5,54.784,1.0,27335.0,166.428
275,0,GRB091231206,n3,199.36,-60.7,42.561,1.0,16286.0,95.852
296,0,GRB190119249,n3,192.24,-59.82,34.304,1.0,25931.0,157.459
310,0,GRB130816074,n6,197.14,-58.95,36.864,1.0,36871.0,227.339
362,0,GRB160829334,n6,200.89,-55.88,0.512,0.1,311625.0,999.337
381,0,GRB090720710,n1,203.0,-54.8,10.752,1.0,19082.0,113.711
389,0,GRB210805002,n9,198.32,-54.48,0.832,0.1,318424.0,974.28
403,0,GRB171029020,n5,198.24,-54.25,19.712,1.0,11644.0,66.201
407,0,GRB200714344,n8,190.43,-53.95,0.96,0.1,326622.0,944.067
418,0,GRB110930564,n5,187.31,-53.66,37.889,1.0,28690.0,175.083
433,0,GRB120521380,na,197.02,-52.74,91.134,1.0,37649.0,232.309
479,0,GRB200311636,n8,203.99,-49.68,52.481,1.0,6364.0,32.474
534,0,GRB170906030,n4,203.96,-47.1,78.849,1.0,15375.0,90.032
536,0,GRB090706283,n0,205.07,-47.07,57.857,1.0,56484.0,352.618
538,0,GRB170115743,n1,189.12,-46.85,44.288,1.0,12213.0,69.835
541,0,GRB130403866,n8,199.9,-46.68,22.784,1.0,34416.0,211.658
585,0,GRB200619492,n7,200.4,-45.13,50.432,1.0,24354.0,147.386
594,0,GRB110720177,n5,198.65,-44.29,11.2,1.0,20351.0,121.817
608,0,GRB111103948,n5,201.58,-43.16,0.32,0.1,292154.0,1071.095
156,1,GRB090524346,n3,329.5,-67.4,54.337,1.0,0.0,
183,0,GRB200130248,n6,329.29,-65.93,56.577,1.0,12379.0,57.006
189,0,GRB130727698,nb,330.8,-65.54,12.992,1.0,8083.0,33.307
326,0,GRB140330180,n0,328.07,-57.74,34.049,1.0,16606.0,80.325
157,1,GRB150404733,n8,165.91,-67.37,4.864,1.0,0.0,
210,0,GRB180113418,n1,174.63,-64.74,24.576,1.0,57354.0,579.782
221,0,GRB150204272,n7,160.24,-64.04,11.008,1.0,2289.0,17.191
233,0,GRB140422194,na,164.54,-62.62,361.472,1.0,30421.0,304.612
249,0,GRB130406288,n9,157.78,-62.05,7.936,1.0,8253.0,78.125
271,0,GRB081006872,n6,172.2,-61.0,3.328,1.0,1096.0,5.003
320,0,GRB090117640,n1,164.0,-58.2,15.552,1.0,2208.0,16.364
158,1,GRB180723133,n0,130.03,-67.15,3.072,1.0,0.0,
171,0,GRB111107035,n8,129.48,-66.52,12.032,1.0,4220.0,43.041
209,0,GRB090711850,n0,139.61,-64.74,51.969,1.0,6887.0,74.062
269,0,GRB120304061,n7,127.15,-61.12,9.984,1.0,11391.0,126.449
282,0,GRB130730243,n6,133.75,-60.36,27.904,1.0,2708.0,25.455
303,0,GRB141031304,n1,128.61,-59.17,19.456,1.0,1274.0,8.776
159,1,GRB210925056,na,47.99,-51.41,4.544,1.0,0.0,
315,0,GRB120210650,n0,54.65,-58.52,1.344,0.1,204356.0,115.539
319,0,GRB160422499,n1,41.26,-58.22,12.288,1.0,31748.0,299.279
339,0,GRB150702998,n4,52.78,-57.0,45.825,1.0,5569.0,47.257
358,0,GRB140928437,na,43.7,-55.93,17.92,1.0,5079.0,42.54
439,0,GRB150508945,n3,45.93,-52.45,113.92,1.0,7469.0,65.548
443,0,GRB120420249,n2,47.89,-52.19,25.6,1.0,4515.0,37.11
472,0,GRB180404091,n3,53.4,-50.22,80.897,1.0,9582.0,85.89
513,0,GRB180605458,n1,47.51,-48.02,24.064,1.0,6566.0,56.855
515,0,GRB100204024,n9,50.78,-47.89,49.665,1.0,6023.0,51.628
516,0,GRB180611145,n1,51.61,-47.86,8.96,1.0,3056.0,23.065
530,0,GRB190324947,n6,49.58,-47.24,26.881,1.0,5217.0,43.868
531,0,GRB161119633,n9,47.19,-47.21,77.824,1.0,8674.0,77.148
160,1,GRB210807955,n3,143.55,-51.41,125.442,1.0,0.0,
161,0,GRB200130417,n0,137.53,-51.34,11.293,1.0,28992.0,87.696
321,0,GRB130206817,n6,140.37,-58.16,91.585,1.0,98537.0,335.61
365,0,GRB190720964,n3,138.87,-55.59,10.496,1.0,21582.0,61.281
390,0,GRB120728934,n4,137.1,-54.44,32.768,1.0,57361.0,188.826
405,0,GRB110227009,n8,148.72,-54.04,1.728,0.1,330942.0,3047.293
466,0,GRB210201567,n8,144.98,-50.67,39.68,1.0,44124.0,141.639
471,0,GRB140608153,n9,151.22,-50.26,71.681,1.0,35345.0,110.343
488,0,GRB101227536,n7,150.87,-49.44,28.864,1.0,29519.0,89.575
537,0,GRB171119992,n2,135.51,-46.99,26.369,1.0,13554.0,32.663
544,0,GRB090630311,n2,146.55,-46.58,2.88,1.0,27014.0,80.645
622,0,GRB130404840,n6,146.58,-42.16,34.561,1.0,32050.0,98.597
161,1,GRB200130417,n0,137.53,-51.34,11.293,1.0,0.0,
282,0,GRB130730243,n6,133.75,-60.36,27.904,1.0,12118.0,85.866
321,0,GRB130206817,n6,140.37,-58.16,91.585,1.0,16556.0,119.814
365,0,GRB190720964,n3,138.87,-55.59,10.496,1.0,10772.0,75.57
390,0,GRB120728934,n4,137.1,-54.44,32.768,1.0,11207.0,78.898
466,0,GRB210201567,n8,144.98,-50.67,39.68,1.0,13090.0,93.301
537,0,GRB171119992,n2,135.51,-46.99,26.369,1.0,15497.0,111.713
543,0,GRB170629537,n0,130.02,-46.59,28.16,1.0,9373.0,64.869
634,0,GRB200412290,na,140.01,-41.67,12.606,1.0,10480.0,73.337
162,1,GRB100719311,n1,304.87,-67.14,1.6,0.1,0.0,
181,0,GRB120919816,n7,303.53,-66.16,20.48,1.0,232935.0,2657.485
187,0,GRB160303971,n6,302.2,-65.68,27.136,1.0,175495.0,1997.279
232,0,GRB150403913,n3,311.5,-62.71,22.272,1.0,216959.0,2473.859
235,0,GRB080905705,nb,301.7,-62.6,105.984,1.0,290753.0,3322.035
301,0,GRB100225115,n3,310.3,-59.4,12.992,1.0,231984.0,2646.554
163,1,GRB090819607,n7,49.08,-67.12,0.192,0.1,0.0,
184,0,GRB101011707,n8,48.3,-65.9,36.352,1.0,206153.0,2455.309
191,0,GRB170827818,n1,48.79,-65.38,0.832,0.1,2647.0,14.046
214,0,GRB211216282,n9,44.36,-64.35,20.224,1.0,175164.0,2083.53
239,0,GRB110521478,n2,57.54,-62.34,6.141,1.0,192903.0,2296.347
164,1,GRB180703876,n7,6.54,-67.1,20.736,1.0,0.0,
182,0,GRB180723757,n8,7.84,-66.11,19.712,1.0,14878.0,111.729
186,0,GRB090625560,n8,2.26,-65.78,13.056,1.0,5816.0,38.538
216,0,GRB181128129,n3,10.27,-64.3,1.728,0.1,194777.0,654.03
256,0,GRB150228981,n6,7.55,-61.73,36.609,1.0,5921.0,39.386
293,0,GRB180505540,n8,4.51,-59.89,21.76,1.0,23370.0,180.316
165,1,GRB131118958,n2,349.86,-66.83,85.249,1.0,0.0,
166,0,GRB170323775,n9,348.83,-66.81,35.328,1.0,47893.0,191.053
176,0,GRB090926181,n7,353.4,-66.32,13.76,1.0,75357.0,308.373
178,0,GRB150628767,n7,347.02,-66.18,0.64,0.1,268953.0,2414.592
224,0,GRB140508179,n8,350.53,-63.78,19.456,1.0,14320.0,47.637
226,0,GRB180727594,n9,346.66,-63.05,0.896,0.1,267946.0,2417.175
257,0,GRB150206285,n2,357.94,-61.61,23.296,1.0,10073.0,29.495
166,1,GRB170323775,n9,348.83,-66.81,35.328,1.0,0.0,
176,0,GRB090926181,n7,353.4,-66.32,13.76,1.0,92546.0,717.366
178,0,GRB150628767,n7,347.02,-66.18,0.64,0.1,164809.0,1125.047
223,0,GRB170127067,n4,339.33,-63.94,0.128,0.1,152696.0,1175.161
224,0,GRB140508179,n8,350.53,-63.78,19.456,1.0,16354.0,118.744
226,0,GRB180727594,n9,346.66,-63.05,0.896,0.1,163000.0,1132.531
304,0,GRB200219317,n3,342.64,-59.12,1.152,0.1,165480.0,1122.271
167,1,GRB181128751,n6,182.82,-66.74,17.664,1.0,0.0,
210,0,GRB180113418,n1,174.63,-64.74,24.576,1.0,64360.0,574.097
260,0,GRB180822562,n0,185.25,-61.49,152.003,1.0,10681.0,88.571
266,0,GRB211107848,n4,183.42,-61.22,8.384,1.0,11056.0,91.963
283,0,GRB130304658,na,178.87,-60.29,23.296,1.0,11922.0,99.796
284,0,GRB190422957,n8,182.12,-60.24,213.252,1.0,6959.0,54.905
285,0,GRB080723557,n4,176.8,-60.2,58.369,1.0,35668.0,314.578
287,0,GRB080714745,n5,188.1,-60.2,59.649,1.0,5343.0,40.289
291,0,GRB160912350,n7,183.29,-60.04,32.705,1.0,7750.0,62.06
312,0,GRB140929677,n0,177.45,-58.64,37.12,1.0,2737.0,16.717
316,0,GRB110207959,n8,179.0,-58.43,7.68,1.0,1040.0,1.368
344,0,GRB111009282,n1,183.04,-56.82,20.736,1.0,15007.0,127.699
168,1,GRB181208188,n0,104.11,-66.66,62.465,1.0,0.0,
188,0,GRB120426090,na,111.54,-65.63,2.688,1.0,27064.0,115.034
205,0,GRB190804058,n4,108.02,-64.86,4.224,1.0,52488.0,234.148
207,0,GRB120921877,n4,96.42,-64.77,5.632,1.0,33597.0,145.641
215,0,GRB150805445,n2,95.76,-64.33,45.825,1.0,50518.0,224.918
288,0,GRB140716436,n4,108.17,-60.18,168.253,1.0,112319.0,514.462
289,0,GRB130701060,na,97.79,-60.13,20.224,1.0,24202.0,101.625
169,1,GRB191118925,n5,213.99,-48.4,36.353,1.0,0.0,
367,0,GRB150425617,n6,214.23,-55.5,4.352,1.0,18697.0,102.059
436,0,GRB180125891,n4,213.32,-52.67,22.784,1.0,12743.0,66.552
446,0,GRB080831053,n1,211.2,-51.7,0.576,0.1,286633.0,1456.034
448,0,GRB110319628,na,207.96,-51.58,15.104,1.0,29002.0,163.514
484,0,GRB130121835,n8,211.31,-49.49,178.691,1.0,55604.0,322.156
521,0,GRB150830128,n6,207.25,-47.78,44.801,1.0,10709.0,54.422
535,0,GRB141102536,n1,208.61,-47.1,2.624,1.0,12013.0,62.199
536,0,GRB090706283,n0,205.07,-47.07,57.857,1.0,46394.0,267.232
547,0,GRB170308221,na,216.35,-46.33,11.52,1.0,9687.0,48.327
570,0,GRB090427644,n6,210.0,-45.7,1.024,0.1,293154.0,1435.007
575,0,GRB120919309,n1,214.77,-45.56,21.248,1.0,18312.0,99.763
581,0,GRB110511616,n6,214.1,-45.42,5.888,1.0,12737.0,66.516
583,0,GRB120323162,na,211.1,-45.23,4.352,1.0,9383.0,46.514
628,0,GRB190824616,n4,215.33,-41.9,108.546,1.0,47175.0,271.89
640,0,GRB211224980,n0,220.89,-41.57,0.192,0.1,277920.0,1484.129
665,0,GRB191019970,n5,216.34,-40.63,137.73,1.0,24162.0,134.65
667,0,GRB190222312,n8,214.53,-40.53,13.824,1.0,14101.0,74.651
170,1,GRB200705674,n4,60.48,-48.33,16.128,1.0,0.0,
195,0,GRB200317028,n1,65.54,-46.32,7.616,1.0,33540.0,201.926
351,0,GRB120316008,n0,57.02,-56.29,26.624,1.0,54099.0,330.26
378,0,GRB081129161,na,63.2,-54.9,62.657,1.0,78812.0,484.525
472,0,GRB180404091,n3,53.4,-50.22,80.897,1.0,92510.0,570.032
476,0,GRB150923864,n7,67.23,-50.01,1.792,0.1,481609.0,897.892
514,0,GRB151114645,n0,62.14,-47.9,34.816,1.0,74174.0,455.574
515,0,GRB100204024,n9,50.78,-47.89,49.665,1.0,79412.0,488.271
516,0,GRB180611145,n1,51.61,-47.86,8.96,1.0,39590.0,239.692
577,0,GRB120319983,n6,69.85,-45.44,72.448,1.0,122145.0,755.021
596,0,GRB151111356,n7,56.84,-44.16,46.336,1.0,82173.0,505.506
605,0,GRB081118876,n0,54.6,-43.3,20.736,1.0,47057.0,286.303
171,1,GRB111107035,n8,129.48,-66.52,12.032,1.0,0.0,
269,0,GRB120304061,n7,127.15,-61.12,9.984,1.0,6794.0,54.912
282,0,GRB130730243,n6,133.75,-60.36,27.904,1.0,3260.0,22.667
303,0,GRB141031304,n1,128.61,-59.17,19.456,1.0,3387.0,23.826
172,1,GRB190420981,n0,319.29,-66.41,1.472,0.1,0.0,
190,0,GRB101023951,n5,317.97,-65.39,76.801,1.0,316372.0,3863.666
203,0,GRB150826557,n9,317.97,-64.94,33.024,1.0,251649.0,3069.331
222,0,GRB110818860,nb,317.34,-63.98,67.073,1.0,233609.0,2847.929
232,0,GRB150403913,n3,311.5,-62.71,22.272,1.0,219784.0,2678.257
251,0,GRB141013803,na,315.06,-61.89,82.432,1.0,221449.0,2698.691
279,0,GRB160424492,n0,319.48,-60.61,6.592,1.0,206759.0,2518.403
173,1,GRB151003729,n4,60.34,-66.37,44.032,1.0,0.0,
198,0,GRB090924625,n9,69.73,-65.02,0.352,0.1,250070.0,1703.92
204,0,GRB190903722,n8,62.43,-64.86,0.272,0.1,248526.0,1709.094
230,0,GRB131030653,n7,61.45,-62.8,53.248,1.0,28976.0,169.39
234,0,GRB081204004,n1,63.3,-62.6,7.424,1.0,9165.0,46.675
239,0,GRB110521478,n2,57.54,-62.34,6.141,1.0,8222.0,40.834
258,0,GRB151231443,nb,65.63,-61.54,71.425,1.0,19768.0,112.353
294,0,GRB200901158,n2,61.76,-59.88,10.176,1.0,2706.0,6.666
298,0,GRB200126466,n3,59.47,-59.62,0.768,0.1,252628.0,1695.349
309,0,GRB180412425,n6,62.32,-59.01,20.992,1.0,7010.0,33.327
315,0,GRB120210650,n0,54.65,-58.52,1.344,0.1,265760.0,1651.348
174,1,GRB210113379,n5,276.64,-47.51,38.4,1.0,0.0,
197,0,GRB210211363,n1,269.44,-46.27,28.673,1.0,3305.0,10.462
364,0,GRB140506880,n5,276.77,-55.64,64.128,1.0,24307.0,139.816
380,0,GRB210204777,n1,272.49,-54.81,32.0,1.0,6017.0,27.165
391,0,GRB160513553,n8,273.57,-54.42,1.664,0.1,289035.0,1527.526
399,0,GRB130515056,n8,283.42,-54.28,0.256,0.1,280092.0,1556.886
416,0,GRB190110726,n3,276.88,-53.68,8.96,1.0,5080.0,21.394
424,0,GRB130906435,n8,279.39,-53.38,8.192,1.0,10713.0,56.089
431,0,GRB100204566,n2,273.07,-52.78,32.513,1.0,27634.0,160.307
438,0,GRB141122875,n1,280.61,-52.52,30.72,1.0,7784.0,38.049
467,0,GRB210923124,n2,278.95,-50.54,128.512,1.0,5230.0,22.318
470,0,GRB150922883,n2,274.14,-50.47,2.816,1.0,3435.0,11.263
475,0,GRB100819498,na,279.6,-50.04,12.544,1.0,1970.0,2.239
489,0,GRB150721732,n8,282.88,-49.41,11.52,1.0,25730.0,148.58
549,0,GRB120304248,n4,277.28,-46.22,5.376,1.0,5957.0,26.796
572,0,GRB190607071,nb,271.83,-45.6,37.888,1.0,41754.0,247.274
582,0,GRB170301812,n4,278.55,-45.38,12.544,1.0,4126.0,15.518
609,0,GRB210228058,n4,283.48,-43.13,3.776,1.0,6980.0,33.097
624,0,GRB090610723,nb,275.99,-42.09,146.434,1.0,12102.0,64.644
639,0,GRB150219522,n4,271.27,-41.58,36.097,1.0,6790.0,31.926
666,0,GRB131211510,n0,271.34,-40.61,44.8,1.0,11415.0,60.412
175,1,GRB130722021,n6,119.86,-47.45,81.408,1.0,0.0,
347,0,GRB080916009,n3,119.8,-56.6,62.977,1.0,66433.0,386.8
395,0,GRB100201588,n9,115.67,-54.35,141.059,1.0,51542.0,297.109
401,0,GRB200923748,n0,126.3,-54.25,0.64,0.1,182845.0,2038.04
410,0,GRB140605377,n1,121.79,-53.86,0.512,0.1,182655.0,2038.606
428,0,GRB190510120,n0,124.54,-53.07,69.633,1.0,18466.0,97.885
429,0,GRB200709147,n2,119.87,-53.04,51.969,1.0,35457.0,200.225
450,0,GRB150627183,n4,117.49,-51.56,64.577,1.0,110648.0,653.117
455,0,GRB150718656,n1,124.75,-51.04,19.456,1.0,3797.0,9.53
468,0,GRB201207977,n8,124.14,-50.49,17.408,1.0,32471.0,182.24
491,0,GRB210706571,n6,113.95,-49.14,3.84,1.0,9784.0,45.591
502,0,GRB170825784,n4,116.32,-48.72,65.024,1.0,10060.0,47.254
504,0,GRB180416340,n0,116.31,-48.58,103.426,1.0,35440.0,200.123
510,0,GRB160227831,n9,123.43,-48.27,7.68,1.0,7599.0,32.43
512,0,GRB150322066,n3,125.84,-48.05,15.613,1.0,8114.0,35.532
555,0,GRB100718160,n1,121.83,-46.18,32.641,1.0,4733.0,15.168
564,0,GRB190320052,nb,117.81,-45.89,43.009,1.0,15043.0,77.267
580,0,GRB150523396,n0,115.29,-45.42,82.433,1.0,12144.0,59.806
620,0,GRB210904866,n5,124.65,-42.2,3.904,1.0,39279.0,223.246
625,0,GRB090701225,n6,114.69,-42.07,4.16,1.0,4180.0,11.837
712,0,GRB090117632,n9,121.6,-38.8,86.017,1.0,16855.0,88.181
719,0,GRB170915161,n4,120.26,-38.42,15.613,1.0,30603.0,170.989
176,1,GRB090926181,n7,353.4,-66.32,13.76,1.0,0.0,
178,0,GRB150628767,n7,347.02,-66.18,0.64,0.1,309752.0,182.836
224,0,GRB140508179,n8,350.53,-63.78,19.456,1.0,76461.0,368.772
226,0,GRB180727594,n9,346.66,-63.05,0.896,0.1,308637.0,186.094
257,0,GRB150206285,n2,357.94,-61.61,23.296,1.0,72991.0,351.716
295,0,GRB200617679,n8,359.11,-59.83,1.216,0.1,312730.0,174.136
323,0,GRB180620660,n4,357.52,-57.96,46.721,1.0,80126.0,386.787
177,1,GRB220518717,n0,293.32,-66.21,3.84,1.0,0.0,
187,0,GRB160303971,n6,302.2,-65.68,27.136,1.0,4645.0,43.621
200,0,GRB180528371,n7,284.67,-65.02,16.896,1.0,1056.0,5.228
235,0,GRB080905705,nb,301.7,-62.6,105.984,1.0,26931.0,282.022
245,0,GRB110929187,n9,288.19,-62.21,5.12,1.0,4705.0,44.263
178,1,GRB150628767,n7,347.02,-66.18,0.64,0.1,0.0,
223,0,GRB170127067,n4,339.33,-63.94,0.128,0.1,5712.0,55.112
224,0,GRB140508179,n8,350.53,-63.78,19.456,1.0,229181.0,3021.219
226,0,GRB180727594,n9,346.66,-63.05,0.896,0.1,2447.0,12.873
259,0,GRB171025913,n9,338.24,-61.52,7.936,1.0,221188.0,2915.18
304,0,GRB200219317,n3,342.64,-59.12,1.152,0.1,2416.0,12.472
325,0,GRB150821406,n9,341.91,-57.89,103.426,1.0,224751.0,2962.449
342,0,GRB210123305,n2,345.12,-56.93,13.056,1.0,208060.0,2741.019
179,1,GRB220124074,n0,274.51,-66.17,53.76,1.0,0.0,
193,0,GRB201217108,n4,273.28,-65.13,37.121,1.0,5476.0,20.506
219,0,GRB140612294,n7,267.38,-64.11,38.913,1.0,5775.0,22.206
241,0,GRB111003465,n3,276.76,-62.32,16.64,1.0,13009.0,63.331
253,0,GRB210119121,n0,282.8,-61.8,0.048,0.1,240758.0,1860.801
300,0,GRB120909070,n8,275.74,-59.45,112.066,1.0,48431.0,264.701
305,0,GRB140528837,n9,280.73,-59.08,13.568,1.0,15792.0,79.152
308,0,GRB101208498,n5,280.94,-59.02,2.048,1.0,27981.0,148.445
324,0,GRB090510325,nb,269.4,-57.9,7.424,1.0,1874.0,0.029
180,1,GRB210524208,n9,337.32,-47.05,20.992,1.0,0.0,
196,0,GRB210822273,nb,343.45,-46.3,18.624,1.0,6663.0,37.843
228,0,GRB200228291,n0,333.89,-42.94,3.584,1.0,5931.0,32.789
404,0,GRB120117291,n2,339.01,-54.25,3.328,1.0,14005.0,88.534
425,0,GRB200623752,n9,343.08,-53.38,0.704,0.1,207739.0,701.876
490,0,GRB201128746,n8,339.35,-49.25,11.264,1.0,25497.0,167.878
542,0,GRB120203812,n5,339.3,-46.59,10.24,1.0,15418.0,98.29
551,0,GRB110125894,n0,331.35,-46.21,4.8,1.0,9379.0,56.595
566,0,GRB110817191,n9,336.04,-45.84,5.949,1.0,15761.0,100.658
584,0,GRB170424425,n1,343.53,-45.2,53.249,1.0,11705.0,72.654
587,0,GRB200129409,n2,346.28,-44.97,0.112,0.1,207014.0,704.804
627,0,GRB180124392,n0,330.86,-41.94,86.528,1.0,15580.0,99.408
633,0,GRB170801690,nb,343.18,-41.75,10.24,1.0,12249.0,76.41
646,0,GRB160131116,n5,333.69,-41.44,34.816,1.0,12383.0,77.335
716,0,GRB110721200,n9,332.46,-38.63,21.822,1.0,8018.0,47.198
720,0,GRB190712018,n8,341.06,-38.41,1.792,0.1,219724.0,653.477
181,1,GRB120919816,n7,303.53,-66.16,20.48,1.0,0.0,
187,0,GRB160303971,n6,302.2,-65.68,27.136,1.0,11864.0,86.944
232,0,GRB150403913,n3,311.5,-62.71,22.272,1.0,19871.0,151.144
235,0,GRB080905705,nb,301.7,-62.6,105.984,1.0,10667.0,77.347
301,0,GRB100225115,n3,310.3,-59.4,12.992,1.0,1585.0,4.527
327,0,GRB200702892,n7,300.44,-57.74,23.04,1.0,4324.0,26.488
335,0,GRB130127299,n0,301.21,-57.21,19.456,1.0,4798.0,30.289
182,1,GRB180723757,n8,7.84,-66.11,19.712,1.0,0.0,
186,0,GRB090625560,n8,2.26,-65.78,13.056,1.0,24400.0,153.485
216,0,GRB181128129,n3,10.27,-64.3,1.728,0.1,233466.0,465.105
256,0,GRB150228981,n6,7.55,-61.73,36.609,1.0,25862.0,163.179
293,0,GRB180505540,n8,4.51,-59.89,21.76,1.0,18118.0,111.827
183,1,GRB200130248,n6,329.29,-65.93,56.577,1.0,0.0,
189,0,GRB130727698,nb,330.8,-65.54,12.992,1.0,2690.0,5.404
259,0,GRB171025913,n9,338.24,-61.52,7.936,1.0,4282.0,15.355
326,0,GRB140330180,n0,328.07,-57.74,34.049,1.0,2983.0,7.236
336,0,GRB110319815,n5,325.57,-57.11,31.232,1.0,2463.0,3.985
341,0,GRB131028096,n8,333.4,-56.94,14.336,1.0,6500.0,29.219
184,1,GRB101011707,n8,48.3,-65.9,36.352,1.0,0.0,
191,0,GRB170827818,n1,48.79,-65.38,0.832,0.1,217216.0,1333.074
214,0,GRB211216282,n9,44.36,-64.35,20.224,1.0,4989.0,26.031
225,0,GRB130523198,n6,39.49,-63.07,5.376,1.0,6616.0,37.682
239,0,GRB110521478,n2,57.54,-62.34,6.141,1.0,4769.0,24.456
243,0,GRB180625941,n4,39.13,-62.31,0.704,0.1,213847.0,1345.977
315,0,GRB120210650,n0,54.65,-58.52,1.344,0.1,224189.0,1306.369
339,0,GRB150702998,n4,52.78,-57.0,45.825,1.0,5684.0,31.008
185,1,GRB181231359,n2,31.96,-46.44,3.072,1.0,0.0,
255,0,GRB190531840,n3,24.37,-41.97,38.145,1.0,44936.0,498.377
394,0,GRB171010875,n7,34.12,-54.41,25.344,1.0,1648.0,12.24
434,0,GRB191026350,n8,37.17,-52.7,59.136,1.0,2758.0,24.705
454,0,GRB101014175,n7,26.94,-51.07,449.415,1.0,298640.0,3347.55
486,0,GRB211204144,n7,35.42,-49.45,77.056,1.0,3146.0,29.063
523,0,GRB081226509,n6,25.5,-47.4,0.192,0.1,181285.0,160.674
559,0,GRB210324833,n3,37.57,-45.99,67.073,1.0,29200.0,321.657
573,0,GRB120926753,n8,24.61,-45.58,3.072,1.0,887.0,3.693
592,0,GRB140817229,n8,29.05,-44.48,26.112,1.0,2105.0,17.372
593,0,GRB100517132,n6,40.63,-44.32,19.84,1.0,1868.0,14.71
610,0,GRB191221802,n9,40.83,-43.04,2.24,1.0,1264.0,7.927
644,0,GRB090327404,n1,33.1,-41.5,14.08,1.0,1237.0,7.624
657,0,GRB180122129,n4,26.43,-41.06,4.352,1.0,1289.0,8.208
661,0,GRB150817251,n8,31.05,-41.0,13.312,1.0,4949.0,49.311
186,1,GRB090625560,n8,2.26,-65.78,13.056,1.0,0.0,
216,0,GRB181128129,n3,10.27,-64.3,1.728,0.1,232365.0,524.556
256,0,GRB150228981,n6,7.55,-61.73,36.609,1.0,9303.0,76.513
293,0,GRB180505540,n8,4.51,-59.89,21.76,1.0,27901.0,245.29
314,0,GRB150306993,n4,0.63,-58.55,18.944,1.0,18590.0,160.793
187,1,GRB160303971,n6,302.2,-65.68,27.136,1.0,0.0,
232,0,GRB150403913,n3,311.5,-62.71,22.272,1.0,26641.0,218.274
235,0,GRB080905705,nb,301.7,-62.6,105.984,1.0,47034.0,392.005
327,0,GRB200702892,n7,300.44,-57.74,23.04,1.0,3451.0,20.716
335,0,GRB130127299,n0,301.21,-57.21,19.456,1.0,18771.0,151.229
188,1,GRB120426090,na,111.54,-65.63,2.688,1.0,0.0,
205,0,GRB190804058,n4,108.02,-64.86,4.224,1.0,21112.0,166.02
240,0,GRB191031780,n6,115.86,-62.34,77.825,1.0,21131.0,166.175
247,0,GRB160528276,n2,114.5,-62.11,7.168,1.0,21285.0,167.428
288,0,GRB140716436,n4,108.17,-60.18,168.253,1.0,42571.0,340.577
189,1,GRB130727698,nb,330.8,-65.54,12.992,1.0,0.0,
223,0,GRB170127067,n4,339.33,-63.94,0.128,0.1,196764.0,651.843
259,0,GRB171025913,n9,338.24,-61.52,7.936,1.0,3474.0,22.361
326,0,GRB140330180,n0,328.07,-57.74,34.049,1.0,3930.0,26.267
336,0,GRB110319815,n5,325.57,-57.11,31.232,1.0,3655.0,23.911
341,0,GRB131028096,n8,333.4,-56.94,14.336,1.0,3912.0,26.113
190,1,GRB101023951,n5,317.97,-65.39,76.801,1.0,0.0,
222,0,GRB110818860,nb,317.34,-63.98,67.073,1.0,49442.0,201.441
232,0,GRB150403913,n3,311.5,-62.71,22.272,1.0,19719.0,72.588
251,0,GRB141013803,na,315.06,-61.89,82.432,1.0,62891.0,259.744
279,0,GRB160424492,n0,319.48,-60.61,6.592,1.0,34081.0,134.849
301,0,GRB100225115,n3,310.3,-59.4,12.992,1.0,31013.0,121.549
349,0,GRB200924386,nb,317.3,-56.4,2.816,1.0,32048.0,126.036
191,1,GRB170827818,n1,48.79,-65.38,0.832,0.1,0.0,
214,0,GRB211216282,n9,44.36,-64.35,20.224,1.0,185072.0,2401.031
225,0,GRB130523198,n6,39.49,-63.07,5.376,1.0,247416.0,3216.128
239,0,GRB110521478,n2,57.54,-62.34,6.141,1.0,203539.0,2642.472
315,0,GRB120210650,n0,54.65,-58.52,1.344,0.1,2033.0,7.648
339,0,GRB150702998,n4,52.78,-57.0,45.825,1.0,188073.0,2440.266
192,1,GRB161105417,n1,249.25,-65.22,41.473,1.0,0.0,
199,0,GRB090602564,na,248.94,-65.02,20.736,1.0,6837.0,28.906
270,0,GRB210621447,na,248.31,-61.07,15.616,1.0,14512.0,72.723
278,0,GRB161110179,n1,254.91,-60.62,1.792,0.1,285283.0,1507.273
337,0,GRB110801335,na,248.27,-57.06,0.384,0.1,264397.0,1573.769
348,0,GRB100825287,na,253.44,-56.57,3.328,1.0,3409.0,9.335
193,1,GRB201217108,n4,273.28,-65.13,37.121,1.0,0.0,
208,0,GRB170126480,n9,263.63,-64.76,13.824,1.0,9114.0,48.314
219,0,GRB140612294,n7,267.38,-64.11,38.913,1.0,2406.0,5.989
241,0,GRB111003465,n3,276.76,-62.32,16.64,1.0,8934.0,47.179
300,0,GRB120909070,n8,275.74,-59.45,112.066,1.0,33222.0,200.429
305,0,GRB140528837,n9,280.73,-59.08,13.568,1.0,17197.0,99.316
308,0,GRB101208498,n5,280.94,-59.02,2.048,1.0,26959.0,160.911
324,0,GRB090510325,nb,269.4,-57.9,7.424,1.0,3715.0,14.248
194,1,GRB170210116,n2,226.05,-65.1,76.545,1.0,0.0,
212,0,GRB081225257,n1,234.1,-64.6,41.217,1.0,53884.0,203.553
236,0,GRB141016897,n6,221.45,-62.49,17.405,1.0,33952.0,123.754
252,0,GRB170727841,n9,218.85,-61.84,19.2,1.0,41539.0,154.129
281,0,GRB120511638,n6,226.93,-60.49,45.249,1.0,36378.0,133.466
317,0,GRB111015427,n2,220.65,-58.41,92.737,1.0,40360.0,149.409
195,1,GRB200317028,n1,65.54,-46.32,7.616,1.0,0.0,
378,0,GRB081129161,na,63.2,-54.9,62.657,1.0,10029.0,92.74
453,0,GRB160609941,n4,70.29,-51.13,60.16,1.0,7422.0,66.852
476,0,GRB150923864,n7,67.23,-50.01,1.792,0.1,181721.0,243.09
514,0,GRB151114645,n0,62.14,-47.9,34.816,1.0,6401.0,56.713
577,0,GRB120319983,n6,69.85,-45.44,72.448,1.0,7197.0,64.618
596,0,GRB151111356,n7,56.84,-44.16,46.336,1.0,8080.0,73.386
196,1,GRB210822273,nb,343.45,-46.3,18.624,1.0,0.0,
357,0,GRB190726843,n8,342.68,-55.98,224.26,1.0,13096.0,96.954
404,0,GRB120117291,n2,339.01,-54.25,3.328,1.0,4274.0,26.182
425,0,GRB200623752,n9,343.08,-53.38,0.704,0.1,217714.0,832.127
449,0,GRB130830921,n8,350.97,-51.57,36.352,1.0,12147.0,89.341
490,0,GRB201128746,n8,339.35,-49.25,11.264,1.0,15170.0,113.592
518,0,GRB180807097,nb,349.93,-47.84,54.272,1.0,5323.0,34.597
529,0,GRB181026540,n8,352.43,-47.37,44.8,1.0,3923.0,23.366
542,0,GRB120203812,n5,339.3,-46.59,10.24,1.0,7370.0,51.019
548,0,GRB170803415,n8,352.69,-46.33,66.816,1.0,6543.0,44.384
566,0,GRB110817191,n9,336.04,-45.84,5.949,1.0,17654.0,133.519
584,0,GRB170424425,n1,343.53,-45.2,53.249,1.0,4922.0,31.38
587,0,GRB200129409,n2,346.28,-44.97,0.112,0.1,216269.0,838.666
633,0,GRB170801690,nb,343.18,-41.75,10.24,1.0,3183.0,17.43
670,0,GRB160411062,n4,349.36,-40.24,0.672,0.1,223647.0,805.28
720,0,GRB190712018,n8,341.06,-38.41,1.792,0.1,230899.0,772.465
744,0,GRB111120556,n2,344.6,-37.34,98.626,1.0,6939.0,47.561
198,1,GRB090924625,n9,69.73,-65.02,0.352,0.1,0.0,
204,0,GRB190903722,n8,62.43,-64.86,0.272,0.1,1385.0,0.74
227,0,GRB131105087,n7,71.01,-62.98,112.642,1.0,180978.0,2332.715
230,0,GRB131030653,n7,61.45,-62.8,53.248,1.0,164414.0,2117.495
234,0,GRB081204004,n1,63.3,-62.6,7.424,1.0,185288.0,2388.716
258,0,GRB151231443,nb,65.63,-61.54,71.425,1.0,230677.0,2978.466
273,0,GRB150514774,n3,74.85,-60.91,10.813,1.0,222042.0,2866.269
290,0,GRB130617564,n2,74.73,-60.06,0.768,0.1,2264.0,10.263
292,0,GRB150827785,n0,68.3,-60.0,10.496,1.0,197968.0,2553.47
294,0,GRB200901158,n2,61.76,-59.88,10.176,1.0,241180.0,3114.933
309,0,GRB180412425,n6,62.32,-59.01,20.992,1.0,217572.0,2808.189
329,0,GRB091031500,n9,71.7,-57.5,33.921,1.0,230410.0,2974.996
334,0,GRB161001045,n3,71.92,-57.26,2.24,1.0,170929.0,2202.146
199,1,GRB090602564,na,248.94,-65.02,20.736,1.0,0.0,
270,0,GRB210621447,na,248.31,-61.07,15.616,1.0,7778.0,50.884
278,0,GRB161110179,n1,254.91,-60.62,1.792,0.1,271652.0,933.288
337,0,GRB110801335,na,248.27,-57.06,0.384,0.1,251018.0,1018.782
348,0,GRB100825287,na,253.44,-56.57,3.328,1.0,2597.0,11.598
200,1,GRB180528371,n7,284.67,-65.02,16.896,1.0,0.0,
241,0,GRB111003465,n3,276.76,-62.32,16.64,1.0,10614.0,85.956
245,0,GRB110929187,n9,288.19,-62.21,5.12,1.0,4792.0,34.664
253,0,GRB210119121,n0,282.8,-61.8,0.048,0.1,204101.0,851.839
277,0,GRB161106786,n1,284.53,-60.65,12.544,1.0,4578.0,32.779
305,0,GRB140528837,n9,280.73,-59.08,13.568,1.0,23091.0,195.879
308,0,GRB101208498,n5,280.94,-59.02,2.048,1.0,23603.0,200.39
331,0,GRB081008832,n1,280.0,-57.4,126.722,1.0,5031.0,36.77
338,0,GRB170416583,na,284.22,-57.02,61.952,1.0,14201.0,117.558
201,1,GRB110411629,n8,210.3,-64.99,23.552,1.0,0.0,
211,0,GRB091017985,n0,214.4,-64.74,44.8,1.0,15444.0,102.524
250,0,GRB170912273,n9,215.46,-62.0,13.568,1.0,2796.0,11.5
252,0,GRB170727841,n9,218.85,-61.84,19.2,1.0,4152.0,21.259
254,0,GRB170112970,n0,207.76,-61.77,7.36,1.0,6929.0,41.244
262,0,GRB140115863,n4,210.03,-61.41,14.909,1.0,4948.0,26.988
313,0,GRB140710901,na,204.65,-58.59,11.52,1.0,6123.0,35.444
332,0,GRB120220210,n9,206.13,-57.36,21.248,1.0,2882.0,12.119
202,1,GRB210317381,n2,154.22,-64.94,46.337,1.0,0.0,
221,0,GRB150204272,n7,160.24,-64.04,11.008,1.0,6584.0,31.136
238,0,GRB121217313,n9,153.71,-62.35,828.672,1.0,439593.0,2787.71
248,0,GRB150802127,n5,151.53,-62.08,313.093,1.0,12505.0,68.829
249,0,GRB130406288,n9,157.78,-62.05,7.936,1.0,10922.0,58.752
265,0,GRB080719529,n6,153.2,-61.3,16.128,1.0,14444.0,81.173
302,0,GRB100916779,n4,151.96,-59.38,12.8,1.0,10936.0,58.841
361,0,GRB160827586,n4,155.16,-55.91,51.2,1.0,3830.0,13.603
366,0,GRB200323782,n6,156.47,-55.54,2.112,1.0,7149.0,34.732
